{"":{"language":"es","plural-forms":"nplurals=2; plural=(n > 1);"}
,"Averto": "Advertencia"
,"Bonvolu provi restartigi.": "Intente reiniciar."
,"Daŭro de funkciado": "Duración de la operación"
,"Elŝutu Praŝarĝilo": "Descargar la máquina de arranque"
,"Firmprogramo": "Programa firme"
,"Gastnomo": "Nombre de host"
,"IP-Adreso": "dirección IP"
,"Kerno Versio": "Versión principal"
,"Kluzadreso": "Dirección del club"
,"Komandlinio :": "Línea de comando:"
,"Liga Kvalito": "Calidad de la liga"
,"Loka Tempo": "Hora local"
,"MAC-Adreso": "Dirección MAC"
,"MD5-Sumo de Praŝarĝilo :": "Versión de la junta"
,"Modelo": "Modelo"
,"Network (WLAN0)": "Red (WLAN0)"
,"Praŝarĝilo": "Versión de la junta"
,"Praŝargilo Versio": "Versión de la junta"
,"Retmasko": "Recuperar"
,"Ŝarĝa Mezumo": "Promedio de carga"
,"Sistemo": "Sistema"
,"Versio de Praŝarĝilo :": "Versión de la junta"
,"Via sdcard estas muntita nurlegebla. Agordoj ne konserveblas.": "Su tarjeta SDCARD está montada solo legible. "
}
