{"":{"language":"fr","plural-forms":"nplurals=2; plural=(n > 1);"}
,"Averto": "Avertissement"
,"Bonvolu provi restartigi.": "Veuillez essayer de redémarrer."
,"Daŭro de funkciado": "Durée de fonctionnement"
,"Elŝutu Praŝarĝilo": "Télécharger le pré-chargeur"
,"Firmprogramo": "Micrologiciel"
,"Gastnomo": "Nom d'hôte"
,"IP-Adreso": "adresse IP"
,"Kerno Versio": "Version du noyau"
,"Kluzadreso": "Adresse du routeur"
,"Komandlinio :": "Ligne de commande:"
,"Liga Kvalito": "Qualité du lien"
,"Loka Tempo": "Heure locale"
,"MAC-Adreso": "Adresse MAC"
,"MD5-Sumo de Praŝarĝilo :": "Somme MD5 du pré-chargeur"
,"Modelo": "Modèle"
,"Network (WLAN0)": "Réseau (WLAN0)"
,"Praŝarĝilo": "Pré-chargeur"
,"Praŝargilo Versio": "Version du pré-chargeur"
,"Retmasko": "Masque réseau"
,"Ŝarĝa Mezumo": "Charge moyenne"
,"Sistemo": "Système"
,"Versio de Praŝarĝilo :": "Version du pré-chargeur"
,"Via sdcard estas muntita nurlegebla. Agordoj ne konserveblas.": ""
}
