{"":{"language":"pl","plural-forms":"nplurals=2; plural=(n > 1);"}
,"Averto": "Ostrzeżenie"
,"Bonvolu provi restartigi.": "Spróbuj ponownie uruchomić."
,"Daŭro de funkciado": "Długość operacji"
,"Elŝutu Praŝarĝilo": "Pobierz maszynę do butów"
,"Firmprogramo": "Firmowy program."
,"Gastnomo": "Nazwa hosta."
,"IP-Adreso": "adres IP"
,"Kerno Versio": "Wersja podstawowa"
,"Kluzadreso": "Adres klubu"
,"Komandlinio :": "Wiersz poleceń:"
,"Liga Kvalito": "Jakość ligowa"
,"Loka Tempo": "Czas lokalny"
,"MAC-Adreso": "Adres MAC."
,"MD5-Sumo de Praŝarĝilo :": "Wersja plansza"
,"Modelo": "Model"
,"Network (WLAN0)": "Sieć (WLAN0)"
,"Praŝarĝilo": "Wersja plansza"
,"Praŝargilo Versio": "Wersja plansza"
,"Retmasko": "Odzyskać"
,"Ŝarĝa Mezumo": "Średnia opłata"
,"Sistemo": "System"
,"Versio de Praŝarĝilo :": "Wersja plansza"
,"Via sdcard estas muntita nurlegebla. Agordoj ne konserveblas.": "Twój Sdcard jest zamontowany tylko czytelny. "
}
