{"":{"language":"zh","plural-forms":"nplurals=2; plural=(n > 1);"}
,"Averto": "警告"
,"Bonvolu provi restartigi.": "请尝试重新启动。"
,"Daŭro de funkciado": "操作长度"
,"Elŝutu Praŝarĝilo": "下载启动机器"
,"Firmprogramo": "公司计划"
,"Gastnomo": "主机名"
,"IP-Adreso": "IP地址"
,"Kerno Versio": "核心版本"
,"Kluzadreso": "俱乐部地址"
,"Komandlinio :": "命令行："
,"Liga Kvalito": "联盟质量"
,"Loka Tempo": "当地时间"
,"MAC-Adreso": "MAC地址"
,"MD5-Sumo de Praŝarĝilo :": "板版本"
,"Modelo": "模型"
,"Network (WLAN0)": "网络 (WLAN0)"
,"Praŝarĝilo": "板版本"
,"Praŝargilo Versio": "板版本"
,"Retmasko": "取回"
,"Ŝarĝa Mezumo": "平均充电"
,"Sistemo": "系统"
,"Versio de Praŝarĝilo :": "板版本"
,"Via sdcard estas muntita nurlegebla. Agordoj ne konserveblas.": "您的SDCard仅安装可读。"
}
