{"":{"language":"ja","plural-forms":"nplurals=2; plural=(n > 1);"}
,"Averto": "警告"
,"Bonvolu provi restartigi.": "再起動してみてください。"
,"Daŭro de funkciado": "運営の長さ"
,"Elŝutu Praŝarĝilo": "ブートマシンをダウンロードしてください"
,"Firmprogramo": "しっかりしたプログラム"
,"Gastnomo": "ホスト名"
,"IP-Adreso": "IPアドレス"
,"Kerno Versio": "コアバージョン"
,"Kluzadreso": "クラブアドレス"
,"Komandlinio :": "コマンドライン："
,"Liga Kvalito": "リーグ品質"
,"Loka Tempo": "現地時間"
,"MAC-Adreso": "Macアドレス"
,"MD5-Sumo de Praŝarĝilo :": "ボードバージョン"
,"Modelo": "モデル"
,"Network (WLAN0)": "ネットワーク (WLAN0)"
,"Praŝarĝilo": "ボードバージョン"
,"Praŝargilo Versio": "ボードバージョン"
,"Retmasko": "検索します"
,"Ŝarĝa Mezumo": "充電平均"
,"Sistemo": "システム"
,"Versio de Praŝarĝilo :": "ボードバージョン"
,"Via sdcard estas muntita nurlegebla. Agordoj ne konserveblas.": "あなたのSDカードは読みやすいだけです。"
}
