{"":{"language":"hi","plural-forms":"nplurals=2; plural=(n > 1);"}
,"Averto": "चेतावनी"
,"Bonvolu provi restartigi.": "कृपया पुनः आरंभ करने का प्रयास करें।"
,"Daŭro de funkciado": "ऑपरेशन की लंबाई"
,"Elŝutu Praŝarĝilo": "बूट मशीन डाउनलोड करें"
,"Firmprogramo": "दृढ़ कार्यक्रम"
,"Gastnomo": "होस्ट का नाम"
,"IP-Adreso": "आईपी ​​पता"
,"Kerno Versio": "कोर संस्करण"
,"Kluzadreso": "क्लब का पता"
,"Komandlinio :": "कमांड लाइन:"
,"Liga Kvalito": "लीग की गुणवत्ता"
,"Loka Tempo": "स्थानीय समय"
,"MAC-Adreso": "मैक पता"
,"MD5-Sumo de Praŝarĝilo :": "बोर्ड संस्करण"
,"Modelo": "नमूना"
,"Network (WLAN0)": "नेटवर्क (° 0001 डिग्री) WLAN0 (° 0002 डिग्री)"
,"Praŝarĝilo": "बोर्ड संस्करण"
,"Praŝargilo Versio": "बोर्ड संस्करण"
,"Retmasko": "पुन: प्राप्त करें"
,"Ŝarĝa Mezumo": "चार्ज औसत"
,"Sistemo": "प्रणाली"
,"Versio de Praŝarĝilo :": "बोर्ड संस्करण"
,"Via sdcard estas muntita nurlegebla. Agordoj ne konserveblas.": "आपका एसडीकार्ड केवल पठनीय घुड़सवार है। "
}
