{"":{"language":"ru","plural-forms":"nplurals=2; plural=(n > 1);"}
,"Averto": "Предупреждение"
,"Bonvolu provi restartigi.": "Пожалуйста, попробуйте перезапустить."
,"Daŭro de funkciado": "Длина операции"
,"Elŝutu Praŝarĝilo": "Скачать загрузочную машину"
,"Firmprogramo": "Программа фирмы"
,"Gastnomo": "Имя хоста"
,"IP-Adreso": "айпи адрес"
,"Kerno Versio": "Основная версия"
,"Kluzadreso": "Клубный адрес"
,"Komandlinio :": "Командная строка:"
,"Liga Kvalito": "Качество лиги"
,"Loka Tempo": "Местное время"
,"MAC-Adreso": "MAC-адрес"
,"MD5-Sumo de Praŝarĝilo :": "Доска версии"
,"Modelo": "Модель"
,"Network (WLAN0)": "Сеть (wlan0)"
,"Praŝarĝilo": "Доска версии"
,"Praŝargilo Versio": "Доска версии"
,"Retmasko": "Забрать"
,"Ŝarĝa Mezumo": "Зарядный средний"
,"Sistemo": "Система"
,"Versio de Praŝarĝilo :": "Доска версии"
,"Via sdcard estas muntita nurlegebla. Agordoj ne konserveblas.": "Ваша SDCard устанавливается только читаемость. "
}
