{"":{"language":"pt","plural-forms":"nplurals=2; plural=(n > 1);"}
,"Averto": "Aviso"
,"Bonvolu provi restartigi.": "Tente reiniciar."
,"Daŭro de funkciado": "Duração da operação"
,"Elŝutu Praŝarĝilo": "Download da máquina de inicialização"
,"Firmprogramo": "Programa firme"
,"Gastnomo": "nome de anfitrião"
,"IP-Adreso": "endereço de IP"
,"Kerno Versio": "Versão Core."
,"Kluzadreso": "Endereço do clube"
,"Komandlinio :": "Linha de comando:"
,"Liga Kvalito": "Qualidade da liga"
,"Loka Tempo": "Horário local"
,"MAC-Adreso": "Endereço MAC"
,"MD5-Sumo de Praŝarĝilo :": "Versão da placa."
,"Modelo": "Modelo"
,"Network (WLAN0)": "Rede (WLAN0)"
,"Praŝarĝilo": "Versão da placa."
,"Praŝargilo Versio": "Versão da placa."
,"Retmasko": "Recuperar"
,"Ŝarĝa Mezumo": "Carga média"
,"Sistemo": "Sistema"
,"Versio de Praŝarĝilo :": "Versão da placa."
,"Via sdcard estas muntita nurlegebla. Agordoj ne konserveblas.": "Seu sdcard é montado somente legível. "
}
