{"":{"language":"pa","plural-forms":"nplurals=2; plural=(n > 1);"}
,"Averto": "ਚੇਤਾਵਨੀ"
,"Bonvolu provi restartigi.": "ਮੁੜ ਸ਼ੁਰੂ ਕਰਨ ਦੀ ਕੋਸ਼ਿਸ਼ ਕਰੋ ਜੀ."
,"Daŭro de funkciado": "ਓਪਰੇਸ਼ਨ ਦੀ ਲੰਬਾਈ"
,"Elŝutu Praŝarĝilo": "ਬੂਟ ਮਸ਼ੀਨ ਡਾ Download ਨਲੋਡ ਕਰੋ"
,"Firmprogramo": "ਫਰਮ ਪ੍ਰੋਗਰਾਮ"
,"Gastnomo": "ਹੋਸਟ-ਨਾਮ"
,"IP-Adreso": "IP ਪਤਾ"
,"Kerno Versio": "ਕੋਰ ਵਰਜ਼ਨ"
,"Kluzadreso": "ਕਲੱਬ ਦਾ ਪਤਾ"
,"Komandlinio :": "ਕਮਾਂਡ ਲਾਈਨ:"
,"Liga Kvalito": "ਲੀਗ ਗੁਣ"
,"Loka Tempo": "ਸਥਾਨਕ ਸਮਾਂ"
,"MAC-Adreso": "ਮੈਕ ਐਡਰੈੱਸ"
,"MD5-Sumo de Praŝarĝilo :": "ਬੋਰਡ ਵਰਜ਼ਨ"
,"Modelo": "ਮਾਡਲ"
,"Network (WLAN0)": "ਨੈਟਵਰਕ (wlan0)"
,"Praŝarĝilo": "ਬੋਰਡ ਵਰਜ਼ਨ"
,"Praŝargilo Versio": "ਬੋਰਡ ਵਰਜ਼ਨ"
,"Retmasko": "ਮੁੜ ਪ੍ਰਾਪਤ ਕਰੋ"
,"Ŝarĝa Mezumo": "ਚਾਰਜ- ਸਤ"
,"Sistemo": "ਸਿਸਟਮ"
,"Versio de Praŝarĝilo :": "ਬੋਰਡ ਵਰਜ਼ਨ"
,"Via sdcard estas muntita nurlegebla. Agordoj ne konserveblas.": "ਤੁਹਾਡਾ SDCark ਸਿਰਫ ਪੜ੍ਹਨਯੋਗ ਮਾ .ਂਟ ਕੀਤਾ ਜਾਂਦਾ ਹੈ. "
}
