{"":{"language":"en","plural-forms":"nplurals=2; plural=(n > 1);"}
,"Averto": "Warning"
,"Bonvolu provi restartigi.": "Please try restarting."
,"Daŭro de funkciado": "Length of operation"
,"Elŝutu Praŝarĝilo": "Download boot machine"
,"Firmprogramo": "Firm program"
,"Gastnomo": "Hostname"
,"IP-Adreso": "IP address"
,"Kerno Versio": "Core Version"
,"Kluzadreso": "Club address"
,"Komandlinio :": "Command line:"
,"Liga Kvalito": "League quality"
,"Loka Tempo": "Local time"
,"MAC-Adreso": "MAC address"
,"MD5-Sumo de Praŝarĝilo :": "Board version"
,"Modelo": "Model"
,"Network (WLAN0)": "Network (WLAN0)"
,"Praŝarĝilo": "Board version"
,"Praŝargilo Versio": "Board version"
,"Retmasko": "Retrieve"
,"Ŝarĝa Mezumo": "Charge average"
,"Sistemo": "System"
,"Versio de Praŝarĝilo :": "Board version"
,"Via sdcard estas muntita nurlegebla. Agordoj ne konserveblas.": "Your SDCard is mounted only readable. "
}
