{"":{"language":"ms","plural-forms":"nplurals=2; plural=(n > 1);"}
,"Averto": "Amaran"
,"Bonvolu provi restartigi.": "Cuba mulakan semula."
,"Daŭro de funkciado": "Panjang operasi"
,"Elŝutu Praŝarĝilo": "Muat turun Mesin Boot."
,"Firmprogramo": "Program Firma"
,"Gastnomo": "Nama hos"
,"IP-Adreso": "alamat IP"
,"Kerno Versio": "Versi Teras"
,"Kluzadreso": "Alamat Kelab."
,"Komandlinio :": "Perintah baris:"
,"Liga Kvalito": "Kualiti liga"
,"Loka Tempo": "Masa tempatan"
,"MAC-Adreso": "Alamat MAC"
,"MD5-Sumo de Praŝarĝilo :": "Versi papan"
,"Modelo": "Model"
,"Network (WLAN0)": "Rangkaian (WLAN0)"
,"Praŝarĝilo": "Versi papan"
,"Praŝargilo Versio": "Versi papan"
,"Retmasko": "Mengambil semula"
,"Ŝarĝa Mezumo": "Caj purata"
,"Sistemo": "Sistem"
,"Versio de Praŝarĝilo :": "Versi papan"
,"Via sdcard estas muntita nurlegebla. Agordoj ne konserveblas.": "SDCard anda dipasang hanya boleh dibaca. "
}
