{"":{"language":"nl","plural-forms":"nplurals=2; plural=(n > 1);"}
,"Averto": "Waarschuwing"
,"Bonvolu provi restartigi.": "Probeer opnieuw op te starten."
,"Daŭro de funkciado": "Werking"
,"Elŝutu Praŝarĝilo": "Download opstartmachines"
,"Firmprogramo": "Stevig programma"
,"Gastnomo": "Hostnaam"
,"IP-Adreso": "IP adres"
,"Kerno Versio": "Kernversie"
,"Kluzadreso": "Clubadres"
,"Komandlinio :": "Opdrachtregel:"
,"Liga Kvalito": "League kwaliteit"
,"Loka Tempo": "Lokale tijd"
,"MAC-Adreso": "Mac adres"
,"MD5-Sumo de Praŝarĝilo :": "Bordversie"
,"Modelo": "Model"
,"Network (WLAN0)": "Netwerk (WLAN0)"
,"Praŝarĝilo": "Bordversie"
,"Praŝargilo Versio": "Bordversie"
,"Retmasko": "Ophalen"
,"Ŝarĝa Mezumo": "Laadgemiddelde"
,"Sistemo": "Systeem"
,"Versio de Praŝarĝilo :": "Bordversie"
,"Via sdcard estas muntita nurlegebla. Agordoj ne konserveblas.": "Uw SDCARD is alleen leesbaar gemonteerd. "
}
