{"":{"language":"bn","plural-forms":"nplurals=2; plural=(n > 1);"}
,"Averto": "সতর্কতা"
,"Bonvolu provi restartigi.": "পুনরায় চালু করার চেষ্টা করুন।"
,"Daŭro de funkciado": "অপারেশন দৈর্ঘ্য"
,"Elŝutu Praŝarĝilo": "বুট মেশিন ডাউনলোড করুন"
,"Firmprogramo": "ফার্ম প্রোগ্রাম"
,"Gastnomo": "হোস্টনাম"
,"IP-Adreso": "আইপি ঠিকানা"
,"Kerno Versio": "কোর সংস্করণ"
,"Kluzadreso": "ক্লাব ঠিকানা"
,"Komandlinio :": "কমান্ড লাইন:"
,"Liga Kvalito": "লীগ মানের"
,"Loka Tempo": "স্থানীয় সময়"
,"MAC-Adreso": "ম্যাক ঠিকানা"
,"MD5-Sumo de Praŝarĝilo :": "বোর্ড সংস্করণ"
,"Modelo": "মডেল"
,"Network (WLAN0)": "নেটওয়ার্ক (Wlan0)"
,"Praŝarĝilo": "বোর্ড সংস্করণ"
,"Praŝargilo Versio": "বোর্ড সংস্করণ"
,"Retmasko": "পুনরুদ্ধার"
,"Ŝarĝa Mezumo": "চার্জ গড়"
,"Sistemo": "পদ্ধতি"
,"Versio de Praŝarĝilo :": "বোর্ড সংস্করণ"
,"Via sdcard estas muntita nurlegebla. Agordoj ne konserveblas.": "আপনার SDCARD শুধুমাত্র পঠনযোগ্য মাউন্ট করা হয়। "
}
