{"":{"language":"ar","plural-forms":"nplurals=2; plural=(n > 1);"}
,"Averto": "تحذير"
,"Bonvolu provi restartigi.": ""
,"Daŭro de funkciado": "طول العملية"
,"Elŝutu Praŝarĝilo": "تحميل آلة التمهيد"
,"Firmprogramo": "برنامج ثابت"
,"Gastnomo": "اسم المضيف"
,"IP-Adreso": "عنوان IP"
,"Kerno Versio": "النسخة الأساسية"
,"Kluzadreso": "عنوان النادي"
,"Komandlinio :": "سطر الأوامر:"
,"Liga Kvalito": "جودة الدوري"
,"Loka Tempo": "الوقت المحلي"
,"MAC-Adreso": "عنوان ماك"
,"MD5-Sumo de Praŝarĝilo :": "نسخة المجلس"
,"Modelo": "نموذج"
,"Network (WLAN0)": "شبكة (WLAN0)"
,"Praŝarĝilo": "نسخة المجلس"
,"Praŝargilo Versio": "نسخة المجلس"
,"Retmasko": "يسترد"
,"Ŝarĝa Mezumo": "اشحن المتوسط"
,"Sistemo": "نظام"
,"Versio de Praŝarĝilo :": "نسخة المجلس"
,"Via sdcard estas muntita nurlegebla. Agordoj ne konserveblas.": "يتم تثبيت SDCard الخاص بك فقط مقروءة. "
}
