{"":{"language":"de","plural-forms":"nplurals=2; plural=(n > 1);"}
,"Averto": "Warnung"
,"Bonvolu provi restartigi.": "Bitte versuchen Sie einen Neustart."
,"Daŭro de funkciado": "Betriebsdauer."
,"Elŝutu Praŝarĝilo": "Bootmaschine herunterladen"
,"Firmprogramo": "Festes Programm"
,"Gastnomo": "Hostname"
,"IP-Adreso": "IP Adresse"
,"Kerno Versio": "Kernversion."
,"Kluzadreso": "Clubadresse"
,"Komandlinio :": "Befehlszeile:"
,"Liga Kvalito": "Ligaqualität"
,"Loka Tempo": "Ortszeit"
,"MAC-Adreso": "MAC-Adresse"
,"MD5-Sumo de Praŝarĝilo :": "Board-Version."
,"Modelo": "Modell"
,"Network (WLAN0)": "Netzwerk (WLAN0)"
,"Praŝarĝilo": "Board-Version."
,"Praŝargilo Versio": "Board-Version."
,"Retmasko": "Abrufen"
,"Ŝarĝa Mezumo": "Gebührendurchschnitt"
,"Sistemo": "System"
,"Versio de Praŝarĝilo :": "Board-Version."
,"Via sdcard estas muntita nurlegebla. Agordoj ne konserveblas.": "Ihre SDCARD ist nur lesbar montiert. "
}
