{"":{"language":"it","plural-forms":"nplurals=2; plural=(n > 1);"}
,"Averto": "avvertimento"
,"Bonvolu provi restartigi.": "Prova a riavviare."
,"Daŭro de funkciado": "Durata dell'operazione"
,"Elŝutu Praŝarĝilo": "Scarica Boot Machine."
,"Firmprogramo": "Programma aziendale"
,"Gastnomo": "Nome host"
,"IP-Adreso": "indirizzo IP"
,"Kerno Versio": "Versione principale"
,"Kluzadreso": "Club Address."
,"Komandlinio :": "Riga di comando:"
,"Liga Kvalito": "Qualità della lega"
,"Loka Tempo": "Ora locale"
,"MAC-Adreso": "Indirizzo MAC"
,"MD5-Sumo de Praŝarĝilo :": "Versione da bordo"
,"Modelo": "Modello"
,"Network (WLAN0)": "Rete (WLAN0)"
,"Praŝarĝilo": "Versione da bordo"
,"Praŝargilo Versio": "Versione da bordo"
,"Retmasko": "Recuperare"
,"Ŝarĝa Mezumo": "Carica media"
,"Sistemo": "Sistema"
,"Versio de Praŝarĝilo :": "Versione da bordo"
,"Via sdcard estas muntita nurlegebla. Agordoj ne konserveblas.": "La tua SDCARD è montata solo leggibile. "
}
