{"":{"language":"ms","plural-forms":"nplurals=2; plural=(n > 1);"}
,"Ĝisdatigi": "Kemas kini"
,"Kamerao": "Kamera"
,"Malŝalti": "Matikan"
,"Movado-Detekto": "Pengesanan pergerakan"
,"Nokta Agordoj": "Tetapan malam"
,"OSD": "OSD"
,"Pan/Tilt": "Pan / Tilt."
,"Pasvortoj": "Kata laluan"
,"Problemoj?": "Masalah?"
,"Protokoloj": "Protokol."
,"Restartigi": "Untuk memulakan semula"
,"Reto": "Rangkaian"
,"Reto Informoj": "Maklumat rangkaian"
,"Retpoŝto": "E-mel"
,"RTSP Agordoj": "Tetapan RTSP."
,"Servoj": "Perkhidmatan"
,"Sistemo": "Sistem"
,"Sono": "Bunyi"
,"Stato": "Nyatakan"
,"Superrigardo": "Gambaran keseluruhan"
,"T21 Kodumoj": "Kod t21."
,"Versio :": "Versi:"
}
