{"":{"language":"en","plural-forms":"nplurals=2; plural=(n > 1);"}
,"Ĝisdatigi": "Update"
,"Kamerao": "Camera"
,"Malŝalti": "Turn off"
,"Movado-Detekto": "Motion detection"
,"Nokta Agordoj": "SW night configuration"
,"OSD": "OSD"
,"Pan/Tilt": "Pan / Tilt"
,"Pasvortoj": "HTTP Password"
,"Problemoj?": "Issues?"
,"Protokoloj": "Logs"
,"Restartigi": "Reboot"
,"Reto": "Network"
,"Reto Informoj": "Network Information"
,"Retpoŝto": "Email"
,"RTSP Agordoj": "RTSP settings"
,"Servoj": "Services"
,"Sistemo": "System"
,"Sono": "Audio"
,"Stato": "Status"
,"Superrigardo": "Overview"
,"T21 Kodumoj": "T21 Hacks"
,"Versio :": "Version:"
}
