{"":{"language":"pl","plural-forms":"nplurals=2; plural=(n > 1);"}
,"Ĝisdatigi": "Aktualizacja"
,"Kamerao": "Aparat fotograficzny"
,"Malŝalti": "Wyłączyć"
,"Movado-Detekto": "Wykrywanie ruchu"
,"Nokta Agordoj": "Ustawienia nocne."
,"OSD": "OSD."
,"Pan/Tilt": "PAN / TILT."
,"Pasvortoj": "Hasła"
,"Problemoj?": "Problemy?"
,"Protokoloj": "Protokoły"
,"Restartigi": "Zrestartować"
,"Reto": "Sieć"
,"Reto Informoj": "Informacje o sieci"
,"Retpoŝto": "E-mail"
,"RTSP Agordoj": "Ustawienia RTSP."
,"Servoj": "Usługi"
,"Sistemo": "System"
,"Sono": "Dźwięk"
,"Stato": "Stan"
,"Superrigardo": "Przegląd"
,"T21 Kodumoj": "Kody T21."
,"Versio :": "Wersja:"
}
