{"":{"language":"fr","plural-forms":"nplurals=2; plural=(n > 1);"}
,"Ĝisdatigi": "Mettre à jour"
,"Kamerao": "Caméra"
,"Malŝalti": "Éteindre"
,"Movado-Detekto": "Détection de mouvement"
,"Nokta Agordoj": "Réglages nocturnes"
,"OSD": "OSD"
,"Pan/Tilt": "Pan/Tilt"
,"Pasvortoj": "Mots de passe"
,"Problemoj?": "Problèmes?"
,"Protokoloj": "Journaux"
,"Restartigi": "Redémarrer"
,"Reto": "Réseau"
,"Reto Informoj": "Informations sur le réseau"
,"Retpoŝto": "E-mail"
,"RTSP Agordoj": "Paramètres RTSP"
,"Servoj": "Services"
,"Sistemo": "Système"
,"Sono": "Audio"
,"Stato": "État"
,"Superrigardo": "Aperçu"
,"T21 Kodumoj": "Codes T21"
,"Versio :": "Version:"
}
