{"":{"language":"es","plural-forms":"nplurals=2; plural=(n > 1);"}
,"Ĝisdatigi": "Actualizar"
,"Kamerao": "Cámara"
,"Malŝalti": "Apagar"
,"Movado-Detekto": "Detección de movimiento"
,"Nokta Agordoj": "Configuración de la noche"
,"OSD": "OSD"
,"Pan/Tilt": "Pan Tilt"
,"Pasvortoj": "Contraseñas"
,"Problemoj?": "¿Problemas?"
,"Protokoloj": "Protocolos"
,"Restartigi": "Para reiniciar"
,"Reto": "La red"
,"Reto Informoj": "Información de la red"
,"Retpoŝto": "Correo electrónico"
,"RTSP Agordoj": "Configuración de RTSP"
,"Servoj": "Servicios"
,"Sistemo": "Sistema"
,"Sono": "Sonar"
,"Stato": "Expresar"
,"Superrigardo": "Descripción general"
,"T21 Kodumoj": "Códigos T21"
,"Versio :": "Versión:"
}
