{"":{"language":"ar","plural-forms":"nplurals=2; plural=(n > 1);"}
,"Ĝisdatigi": "تحديث"
,"Kamerao": "                                                                                                                      ﺮﻳﻮﺼﺗ ﺔﻟﺁ"
,"Malŝalti": "اطفئه"
,"Movado-Detekto": "اكتشاف الحركة"
,"Nokta Agordoj": "إعدادات الليل"
,"OSD": "osd"
,"Pan/Tilt": "عموم / الميل"
,"Pasvortoj": "كلمات المرور"
,"Problemoj?": "مشاكل؟"
,"Protokoloj": "البروتوكولات"
,"Restartigi": "لإعادة التشغيل"
,"Reto": "شبكة الاتصال"
,"Reto Informoj": "معلومات الشبكة"
,"Retpoŝto": "بريد إلكتروني"
,"RTSP Agordoj": "إعدادات RTSP."
,"Servoj": "خدمات"
,"Sistemo": "نظام"
,"Sono": "صوت"
,"Stato": "حالة"
,"Superrigardo": "ملخص"
,"T21 Kodumoj": "رموز T21"
,"Versio :": "إصدار:"
}
