{"":{"language":"it","plural-forms":"nplurals=2; plural=(n > 1);"}
,"Ĝisdatigi": "Aggiornare"
,"Kamerao": "telecamera"
,"Malŝalti": "Spegni"
,"Movado-Detekto": "Rilevamento del movimento"
,"Nokta Agordoj": "Impostazioni notturne"
,"OSD": "Osd."
,"Pan/Tilt": "Pan / inclinazione"
,"Pasvortoj": "Le password"
,"Problemoj?": "I problemi?"
,"Protokoloj": "Protocolli"
,"Restartigi": "Ricominciare"
,"Reto": "Rete"
,"Reto Informoj": "Informazioni sulla rete"
,"Retpoŝto": "E-mail"
,"RTSP Agordoj": "Impostazioni RTSP."
,"Servoj": "Servizi"
,"Sistemo": "Sistema"
,"Sono": "Suono"
,"Stato": "Stato"
,"Superrigardo": "Panoramica"
,"T21 Kodumoj": "Codici T21."
,"Versio :": "Versione:"
}
