{"":{"language":"zh","plural-forms":"nplurals=2; plural=(n > 1);"}
,"Ĝisdatigi": "更新"
,"Kamerao": "相机"
,"Malŝalti": "关"
,"Movado-Detekto": "运动检测"
,"Nokta Agordoj": "夜间设置"
,"OSD": "OSD."
,"Pan/Tilt": "泛/倾斜"
,"Pasvortoj": "密码"
,"Problemoj?": "问题？"
,"Protokoloj": "协议"
,"Restartigi": "重新启动"
,"Reto": "网络"
,"Reto Informoj": "网络信息"
,"Retpoŝto": "电子邮件"
,"RTSP Agordoj": "RTSP设置"
,"Servoj": "服务"
,"Sistemo": "系统"
,"Sono": "声音"
,"Stato": "状态"
,"Superrigardo": "概述"
,"T21 Kodumoj": "T21代码"
,"Versio :": "版本："
}
