{"":{"language":"bn","plural-forms":"nplurals=2; plural=(n > 1);"}
,"Ĝisdatigi": "হালনাগাদ"
,"Kamerao": "ক্যামেরা"
,"Malŝalti": "বন্ধ কর"
,"Movado-Detekto": "আন্দোলন সনাক্তকরণ"
,"Nokta Agordoj": "নাইট সেটিংস"
,"OSD": "ওএসডি"
,"Pan/Tilt": "প্যান ঢাল"
,"Pasvortoj": "পাসওয়ার্ড"
,"Problemoj?": "সমস্যা?"
,"Protokoloj": "প্রোটোকল"
,"Restartigi": "নতুন করে শুরু"
,"Reto": "অন্তর্জাল"
,"Reto Informoj": "নেটওয়ার্ক তথ্য"
,"Retpoŝto": "ইমেইল."
,"RTSP Agordoj": "RTSP সেটিংস"
,"Servoj": "সেবা"
,"Sistemo": "পদ্ধতি"
,"Sono": "সাউন্ড"
,"Stato": "রাষ্ট্র"
,"Superrigardo": "সংক্ষিপ্ত বিবরণ"
,"T21 Kodumoj": "টি 21 কোড"
,"Versio :": "সংস্করণ:"
}
