{"":{"language":"pt","plural-forms":"nplurals=2; plural=(n > 1);"}
,"Ĝisdatigi": "Atualizar"
,"Kamerao": "Câmera"
,"Malŝalti": "Desligar"
,"Movado-Detekto": "Detecção de movimento"
,"Nokta Agordoj": "Configurações da noite"
,"OSD": "OSD."
,"Pan/Tilt": "PAN / Tilt."
,"Pasvortoj": "Senhas"
,"Problemoj?": "Problemas?"
,"Protokoloj": "Protocolos"
,"Restartigi": "Reiniciar"
,"Reto": "Rede"
,"Reto Informoj": "Informações de rede"
,"Retpoŝto": "E-mail"
,"RTSP Agordoj": "Configurações do RTSP."
,"Servoj": "Serviços"
,"Sistemo": "Sistema"
,"Sono": "Som"
,"Stato": "Estado"
,"Superrigardo": "Visão geral"
,"T21 Kodumoj": "Códigos T21."
,"Versio :": "Versão:"
}
