{"":{"language":"pa","plural-forms":"nplurals=2; plural=(n > 1);"}
,"Ĝisdatigi": "ਅਪਡੇਟ"
,"Kamerao": "ਕੈਮਰਾ"
,"Malŝalti": "ਬੰਦ ਕਰ ਦਿਓ"
,"Movado-Detekto": "ਅੰਦੋਲਨ ਦੀ ਪਛਾਣ"
,"Nokta Agordoj": "ਰਾਤ ਦੀਆਂ ਸੈਟਿੰਗਾਂ"
,"OSD": "ਓਐਸਡੀ"
,"Pan/Tilt": "ਪੈਨ / ਝੁਕਾਅ"
,"Pasvortoj": "ਪਾਸਵਰਡ"
,"Problemoj?": "ਸਮੱਸਿਆਵਾਂ?"
,"Protokoloj": "ਪ੍ਰੋਟੋਕੋਲ"
,"Restartigi": "ਮੁੜ ਚਾਲੂ ਕਰਨ ਲਈ"
,"Reto": "ਨੈੱਟਵਰਕ"
,"Reto Informoj": "ਨੈੱਟਵਰਕ ਜਾਣਕਾਰੀ"
,"Retpoŝto": "ਈ - ਮੇਲ"
,"RTSP Agordoj": "ਆਰਟੀਐਸਪੀ ਸੈਟਿੰਗਜ਼"
,"Servoj": "ਸੇਵਾਵਾਂ"
,"Sistemo": "ਸਿਸਟਮ"
,"Sono": "ਆਵਾਜ਼"
,"Stato": "ਰਾਜ"
,"Superrigardo": "ਸੰਖੇਪ ਜਾਣਕਾਰੀ"
,"T21 Kodumoj": "ਟੀ 21 ਕੋਡ"
,"Versio :": "ਵਰਜਨ:"
}
