{"":{"language":"ru","plural-forms":"nplurals=2; plural=(n > 1);"}
,"Ĝisdatigi": "Обновлять"
,"Kamerao": "Камера"
,"Malŝalti": "Выключать"
,"Movado-Detekto": "Обнаружение движения"
,"Nokta Agordoj": "Ночные настройки"
,"OSD": "Ось"
,"Pan/Tilt": "Pan / Tilt."
,"Pasvortoj": "Пароли"
,"Problemoj?": "Проблемы?"
,"Protokoloj": "Протоколы"
,"Restartigi": "Заново"
,"Reto": "Сеть"
,"Reto Informoj": "Сетевая информация"
,"Retpoŝto": "Электронное письмо"
,"RTSP Agordoj": "RTSP Настройки"
,"Servoj": "Услуги"
,"Sistemo": "Система"
,"Sono": "Звук"
,"Stato": "Состояние"
,"Superrigardo": "Обзор"
,"T21 Kodumoj": "T21 коды"
,"Versio :": "Версия:"
}
