{"":{"language":"ja","plural-forms":"nplurals=2; plural=(n > 1);"}
,"Ĝisdatigi": "更新"
,"Kamerao": "カメラ"
,"Malŝalti": "消す"
,"Movado-Detekto": "動き検出"
,"Nokta Agordoj": "夜の設定"
,"OSD": "os os"
,"Pan/Tilt": "パン/チルト"
,"Pasvortoj": "パスワード"
,"Problemoj?": "問題？"
,"Protokoloj": "プロトコル"
,"Restartigi": "再起動します"
,"Reto": "通信網"
,"Reto Informoj": "ネットワーク情報"
,"Retpoŝto": "Eメール"
,"RTSP Agordoj": "RTSP設定"
,"Servoj": "サービス"
,"Sistemo": "システム"
,"Sono": "音"
,"Stato": "状態"
,"Superrigardo": "概要"
,"T21 Kodumoj": "T21コード"
,"Versio :": "バージョン："
}
