{"":{"language":"hi","plural-forms":"nplurals=2; plural=(n > 1);"}
,"Ĝisdatigi": "अपडेट करें"
,"Kamerao": "कैमरा"
,"Malŝalti": "बंद करें"
,"Movado-Detekto": "आंदोलन का पता लगाने"
,"Nokta Agordoj": "रात की सेटिंग्स"
,"OSD": "ओएसडी"
,"Pan/Tilt": "पैन टिल्ट"
,"Pasvortoj": "पासवर्डों"
,"Problemoj?": "समस्या?"
,"Protokoloj": "प्रोटोकॉल"
,"Restartigi": "पुनः आरंभ करने के लिए"
,"Reto": "नेटवर्क"
,"Reto Informoj": "नेटवर्क जानकारी"
,"Retpoŝto": "ईमेल"
,"RTSP Agordoj": "आरटीएसपी सेटिंग्स"
,"Servoj": "सेवाएं"
,"Sistemo": "प्रणाली"
,"Sono": "ध्वनि"
,"Stato": "राज्य"
,"Superrigardo": "अवलोकन"
,"T21 Kodumoj": "T21 कोड"
,"Versio :": "संस्करण:"
}
