{"":{"language":"de","plural-forms":"nplurals=2; plural=(n > 1);"}
,"Ĝisdatigi": "Aktualisieren"
,"Kamerao": "Kamera"
,"Malŝalti": "Ausschalten"
,"Movado-Detekto": "Bewegungserkennung."
,"Nokta Agordoj": "Nachteinstellungen"
,"OSD": "Osd"
,"Pan/Tilt": "Pan / Tilt"
,"Pasvortoj": "Kennwörter"
,"Problemoj?": "Probleme?"
,"Protokoloj": "Protokolle"
,"Restartigi": "Neustarten"
,"Reto": "Netzwerk"
,"Reto Informoj": "Netzwerkinformationen"
,"Retpoŝto": "Email"
,"RTSP Agordoj": "RTSP-Einstellungen"
,"Servoj": "Dienstleistungen"
,"Sistemo": "System"
,"Sono": "Klang"
,"Stato": "Zustand"
,"Superrigardo": "Überblick"
,"T21 Kodumoj": "T21-Codes."
,"Versio :": "Ausführung:"
}
