{"":{"language":"nl","plural-forms":"nplurals=2; plural=(n > 1);"}
,"Ĝisdatigi": "Bijwerken"
,"Kamerao": "Camera"
,"Malŝalti": "Uitschakelen"
,"Movado-Detekto": "Bewegingsdetectie"
,"Nokta Agordoj": "Nachtinstellingen"
,"OSD": "OSD"
,"Pan/Tilt": "Pan / tilt"
,"Pasvortoj": "Wachtwoorden"
,"Problemoj?": "Problemen?"
,"Protokoloj": "Protocollen"
,"Restartigi": "Herstarten"
,"Reto": "Netwerk"
,"Reto Informoj": "Netwerkinformatie"
,"Retpoŝto": "E-mail"
,"RTSP Agordoj": "RTSP-instellingen"
,"Servoj": "Diensten"
,"Sistemo": "Systeem"
,"Sono": "Geluid"
,"Stato": "Staat"
,"Superrigardo": "Overzicht"
,"T21 Kodumoj": "T21-codes"
,"Versio :": "Versie:"
}
