{"":{"language":"es","plural-forms":"nplurals=2; plural=(n > 1);"}
,"Al :": "A:"
,"Areoj": "Zonas"
,"Detekto Aktivida :": "Detección activada:"
,"Fina Tempo": "Tiempo final"
,"ĝeneralaj agordoj": "Configuración general"
,"Maksimuma nombro de samtempaj zonoj kun movado": "Número máximo de zonas simultáneas con movimiento."
,"Minimuma nombro de zonoj dum movado": "Número mínimo de zonas durante el movimiento."
,"Movo-Agordoj": "Mover configuraciones"
,"Ordonon:": "Pedido:"
,"plenumi ordonon:": "Para realizar un pedido:"
,"Sciigo": "Notificación"
,"Senaktiva Tempo": "Tiempo inactivo"
,"sendi retpoŝton :": "Enviar un correo electrónico:"
,"sendi «telegram» :": "Enviar \"telegrame\":"
,"sendi «URL» :": "Enviar \"URL\":"
,"Sentemo :": "Sensibilidad:"
,"Stokado": "Almacenamiento"
,"stoki bildojn :": "Tienda de imágenes:"
,"stoki filmetojn :": "Tienda de videos:"
,"stoki sur fora servilo :": "Almacenar en un servidor remoto:"
,"Url :": "URL:"
}
