{"":{"language":"pa","plural-forms":"nplurals=2; plural=(n > 1);"}
,"Al :": "ਨੂੰ:"
,"Areoj": "ਖੇਤਰ"
,"Detekto Aktivida :": "ਖੋਜ ਸਰਗਰਮ:"
,"Fina Tempo": "ਅੰਤਮ ਸਮਾਂ"
,"ĝeneralaj agordoj": "ਆਮ ਸੈਟਿੰਗਜ਼"
,"Maksimuma nombro de samtempaj zonoj kun movado": "ਅੰਦੋਲਨ ਦੇ ਨਾਲ ਇਕੋ ਸਮੇਂ ਜ਼ੋਨ ਦੀ ਵੱਧ ਤੋਂ ਵੱਧ ਗਿਣਤੀ"
,"Minimuma nombro de zonoj dum movado": "ਅੰਦੋਲਨ ਦੌਰਾਨ ਜ਼ੋਨ ਦੀ ਘੱਟੋ ਘੱਟ ਗਿਣਤੀ"
,"Movo-Agordoj": "ਸੈਟਿੰਗਾਂ ਨੂੰ ਭੇਜੋ"
,"Ordonon:": "ਆਰਡਰ:"
,"plenumi ordonon:": "ਆਰਡਰ ਕਰਨ ਲਈ:"
,"Sciigo": "ਸੂਚਨਾ"
,"Senaktiva Tempo": "ਨਾ-ਸਰਗਰਮ ਸਮਾਂ"
,"sendi retpoŝton :": "ਇੱਕ ਈਮੇਲ ਭੇਜੋ:"
,"sendi «telegram» :": "\"ਟੈਲੀਗ੍ਰਾਮ\" ਭੇਜੋ:"
,"sendi «URL» :": "\"URL\" ਭੇਜੋ:"
,"Sentemo :": "ਸੰਵੇਦਨਸ਼ੀਲਤਾ:"
,"Stokado": "ਸਟੋਰੇਜ"
,"stoki bildojn :": "ਸਟੋਰ ਚਿੱਤਰ:"
,"stoki filmetojn :": "ਵੀਡੀਓ ਸਟੋਰ ਕਰੋ:"
,"stoki sur fora servilo :": "ਰਿਮੋਟ ਸਰਵਰ ਤੇ ਸਟੋਰ ਕਰੋ:"
,"Url :": "URL:"
}
