{"":{"language":"it","plural-forms":"nplurals=2; plural=(n > 1);"}
,"Al :": "Per:"
,"Areoj": "le zone"
,"Detekto Aktivida :": "Rilevamento attivato:"
,"Fina Tempo": "Tempo finale"
,"ĝeneralaj agordoj": "Impostazioni generali"
,"Maksimuma nombro de samtempaj zonoj kun movado": "Numero massimo di zone simultanee con movimento"
,"Minimuma nombro de zonoj dum movado": "Numero minimo di zone durante il movimento"
,"Movo-Agordoj": "Sposta le impostazioni"
,"Ordonon:": "Ordine:"
,"plenumi ordonon:": "Per eseguire un ordine:"
,"Sciigo": "Notifica"
,"Senaktiva Tempo": "Orario inattivo"
,"sendi retpoŝton :": "Invia una email:"
,"sendi «telegram» :": "Invia \"Telegram\":"
,"sendi «URL» :": "Invia \"URL\":"
,"Sentemo :": "Sensibilità:"
,"Stokado": "Conservazione"
,"stoki bildojn :": "Immagini Store:"
,"stoki filmetojn :": "Store Video:"
,"stoki sur fora servilo :": "Conservare su un server remoto:"
,"Url :": "URL:"
}
