{"":{"language":"ru","plural-forms":"nplurals=2; plural=(n > 1);"}
,"Al :": "К:"
,"Areoj": "Область"
,"Detekto Aktivida :": "Обнаружение активировано:"
,"Fina Tempo": "Окончательное время"
,"ĝeneralaj agordoj": "Общие настройки"
,"Maksimuma nombro de samtempaj zonoj kun movado": "Максимальное количество одновременных зон с движением"
,"Minimuma nombro de zonoj dum movado": "Минимальное количество зон во время движения"
,"Movo-Agordoj": "Переместить настройки"
,"Ordonon:": "Заказ:"
,"plenumi ordonon:": "выполнить заказ:"
,"Sciigo": "Уведомление"
,"Senaktiva Tempo": "Неактивное время"
,"sendi retpoŝton :": "Отправить письмо:"
,"sendi «telegram» :": "Отправить \"Телеграмму\":"
,"sendi «URL» :": "Отправить \"URL\":"
,"Sentemo :": "Чувствительность:"
,"Stokado": "Место хранения"
,"stoki bildojn :": "Хранить изображения:"
,"stoki filmetojn :": "Хранить видео:"
,"stoki sur fora servilo :": "Хранить на удаленном сервере:"
,"Url :": "URL:"
}
