{"":{"language":"nl","plural-forms":"nplurals=2; plural=(n > 1);"}
,"Al :": "Naar:"
,"Areoj": "Gebieden"
,"Detekto Aktivida :": "Detectie geactiveerd:"
,"Fina Tempo": "Laatste keer"
,"ĝeneralaj agordoj": "Algemene instellingen"
,"Maksimuma nombro de samtempaj zonoj kun movado": "Maximum aantal gelijktijdige zones met beweging"
,"Minimuma nombro de zonoj dum movado": "Minimaal aantal zones tijdens het verkeer"
,"Movo-Agordoj": "Verplaats de instellingen"
,"Ordonon:": "Bestellen:"
,"plenumi ordonon:": "om een ​​bestelling uit te voeren:"
,"Sciigo": "Kennisgeving"
,"Senaktiva Tempo": "Inactieve tijd"
,"sendi retpoŝton :": "Stuur een email:"
,"sendi «telegram» :": "Stuur \"Telegram\":"
,"sendi «URL» :": "Stuur \"URL\":"
,"Sentemo :": "Gevoeligheid:"
,"Stokado": "Opslag"
,"stoki bildojn :": "Bewaar afbeeldingen:"
,"stoki filmetojn :": "Bewaar video's:"
,"stoki sur fora servilo :": "Bewaren op een externe server:"
,"Url :": "URL:"
}
