{"":{"language":"ar","plural-forms":"nplurals=2; plural=(n > 1);"}
,"Al :": "ل:"
,"Areoj": "المناطق"
,"Detekto Aktivida :": "اكتشاف تنشيط:"
,"Fina Tempo": "في المرة النهائية"
,"ĝeneralaj agordoj": "الاعدادات العامة"
,"Maksimuma nombro de samtempaj zonoj kun movado": "الحد الأقصى لعدد مناطق في وقت واحد مع الحركة"
,"Minimuma nombro de zonoj dum movado": "الحد الأدنى لعدد المناطق أثناء الحركة"
,"Movo-Agordoj": "نقل الإعدادات"
,"Ordonon:": "ترتيب:"
,"plenumi ordonon:": "لأداء طلب:"
,"Sciigo": "تنبيه"
,"Senaktiva Tempo": "وقت غير نشط"
,"sendi retpoŝton :": "أرسل بريدا إلكترونيا:"
,"sendi «telegram» :": "إرسال \"برقية\":"
,"sendi «URL» :": "إرسال \"عنوان URL\":"
,"Sentemo :": "حساسية:"
,"Stokado": "تخزين"
,"stoki bildojn :": "صور تخزين:"
,"stoki filmetojn :": "تخزين مقاطع الفيديو:"
,"stoki sur fora servilo :": "تخزين على خادم بعيد:"
,"Url :": "عنوان URL:"
}
