{"":{"language":"zh","plural-forms":"nplurals=2; plural=(n > 1);"}
,"Al :": "至："
,"Areoj": "地区"
,"Detekto Aktivida :": "检测激活："
,"Fina Tempo": "最后一次"
,"ĝeneralaj agordoj": "常规设置"
,"Maksimuma nombro de samtempaj zonoj kun movado": "具有运动的最大同时区域数"
,"Minimuma nombro de zonoj dum movado": "运动期间的最小区域数"
,"Movo-Agordoj": "移动设置"
,"Ordonon:": "命令："
,"plenumi ordonon:": "执行订单："
,"Sciigo": "通知"
,"Senaktiva Tempo": "非活动时间"
,"sendi retpoŝton :": "发送电子邮件："
,"sendi «telegram» :": "发送“电报”："
,"sendi «URL» :": "发送“URL”："
,"Sentemo :": "灵敏度："
,"Stokado": "贮存"
,"stoki bildojn :": "商店图片："
,"stoki filmetojn :": "商店视频："
,"stoki sur fora servilo :": "存储在远程服务器上："
,"Url :": "URL："
}
