{"":{"language":"bn","plural-forms":"nplurals=2; plural=(n > 1);"}
,"Al :": "প্রতি:"
,"Areoj": "এলাকা"
,"Detekto Aktivida :": "সনাক্তকরণ সক্রিয়:"
,"Fina Tempo": "চূড়ান্ত সময়"
,"ĝeneralaj agordoj": "সাধারণ সেটিংস"
,"Maksimuma nombro de samtempaj zonoj kun movado": "আন্দোলনের সাথে একযোগে জোনের সর্বোচ্চ সংখ্যা"
,"Minimuma nombro de zonoj dum movado": "আন্দোলনের সময় সর্বনিম্ন সংখ্যা জোন্স"
,"Movo-Agordoj": "সেটিংস সরান"
,"Ordonon:": "আদেশ:"
,"plenumi ordonon:": "একটি আদেশ সঞ্চালন করতে:"
,"Sciigo": "বিজ্ঞপ্তি"
,"Senaktiva Tempo": "নিষ্ক্রিয় সময়"
,"sendi retpoŝton :": "একটি ইমেইল পাঠাও:"
,"sendi «telegram» :": "\"টেলিগ্রাম\" পাঠান:"
,"sendi «URL» :": "\"URL\" পাঠান:"
,"Sentemo :": "সংবেদনশীলতা:"
,"Stokado": "স্টোরেজ"
,"stoki bildojn :": "দোকান ইমেজ:"
,"stoki filmetojn :": "দোকান ভিডিও:"
,"stoki sur fora servilo :": "একটি দূরবর্তী সার্ভারে সংরক্ষণ করুন:"
,"Url :": "ইউআরএল:"
}
