{"":{"language":"ja","plural-forms":"nplurals=2; plural=(n > 1);"}
,"Al :": "に："
,"Areoj": "エリア"
,"Detekto Aktivida :": "検出された検出："
,"Fina Tempo": "最後の時間"
,"ĝeneralaj agordoj": "一般設定"
,"Maksimuma nombro de samtempaj zonoj kun movado": "移動を伴う同時ゾーンの最大数"
,"Minimuma nombro de zonoj dum movado": "移動中のゾーンの最小数"
,"Movo-Agordoj": "設定を移動します"
,"Ordonon:": "注文："
,"plenumi ordonon:": "注文を実行するには："
,"Sciigo": "お知らせ"
,"Senaktiva Tempo": "非アクティブタイム"
,"sendi retpoŝton :": "メールを送る："
,"sendi «telegram» :": "「テレグラム」を送る："
,"sendi «URL» :": "\"URL\"を送信します。"
,"Sentemo :": "感度："
,"Stokado": "ストレージ"
,"stoki bildojn :": "画像を保存する："
,"stoki filmetojn :": "ビデオを保存："
,"stoki sur fora servilo :": "リモートサーバーに保存します。"
,"Url :": "URL："
}
