{"":{"language":"ms","plural-forms":"nplurals=2; plural=(n > 1);"}
,"Al :": "Kepada:"
,"Areoj": "Kawasan-kawasan"
,"Detekto Aktivida :": "Pengesanan diaktifkan:"
,"Fina Tempo": "Masa Akhir"
,"ĝeneralaj agordoj": "Tetapan umum"
,"Maksimuma nombro de samtempaj zonoj kun movado": "Bilangan maksimum zon serentak dengan pergerakan"
,"Minimuma nombro de zonoj dum movado": "Bilangan zon minimum semasa pergerakan"
,"Movo-Agordoj": "Pindahkan tetapan"
,"Ordonon:": "Perintah:"
,"plenumi ordonon:": "Untuk melaksanakan pesanan:"
,"Sciigo": "Pemberitahuan"
,"Senaktiva Tempo": "Masa yang tidak aktif"
,"sendi retpoŝton :": "Hantar email:"
,"sendi «telegram» :": "Hantar \"Telegram\":"
,"sendi «URL» :": "Hantar \"URL\":"
,"Sentemo :": "SENSITIVITI:"
,"Stokado": "Penyimpanan"
,"stoki bildojn :": "Simpan imej:"
,"stoki filmetojn :": "Simpan video:"
,"stoki sur fora servilo :": "Simpan pada pelayan jauh:"
,"Url :": "URL:"
}
