{"":{"language":"pt","plural-forms":"nplurals=2; plural=(n > 1);"}
,"Al :": "Para:"
,"Areoj": "Áreas"
,"Detekto Aktivida :": "Detecção ativada:"
,"Fina Tempo": "Tempo final"
,"ĝeneralaj agordoj": "Configurações Gerais"
,"Maksimuma nombro de samtempaj zonoj kun movado": "Número máximo de zonas simultâneas com movimento"
,"Minimuma nombro de zonoj dum movado": "Número mínimo de zonas durante o movimento"
,"Movo-Agordoj": "Mover as configurações"
,"Ordonon:": "Pedido:"
,"plenumi ordonon:": "Para executar um pedido:"
,"Sciigo": "Notificação"
,"Senaktiva Tempo": "Tempo inativo"
,"sendi retpoŝton :": "Enviar um email:"
,"sendi «telegram» :": "Enviar \"telegrama\":"
,"sendi «URL» :": "Enviar \"URL\":"
,"Sentemo :": "Sensibilidade:"
,"Stokado": "Armazenar"
,"stoki bildojn :": "Store Images:"
,"stoki filmetojn :": "Loja Vídeos:"
,"stoki sur fora servilo :": "Armazene em um servidor remoto:"
,"Url :": "URL:"
}
