{"":{"language":"fr","plural-forms":"nplurals=2; plural=(n > 1);"}
,"Al :": "À :"
,"Areoj": "Aires_de_détection"
,"Detekto Aktivida :": "Détection activée :"
,"Fina Tempo": "Temps final"
,"ĝeneralaj agordoj": "paramètres généraux"
,"Maksimuma nombro de samtempaj zonoj kun movado": "Nombre maximum de zones simultanées :"
,"Minimuma nombro de zonoj dum movado": "Nombre minimum de zones différentes :"
,"Movo-Agordoj": "Paramètres de détection de mouvement"
,"Ordonon:": "commande :"
,"plenumi ordonon:": "exécuter une commande :"
,"Sciigo": "Notification"
,"Senaktiva Tempo": "Temps de désactivation :"
,"sendi retpoŝton :": "Envoi de courriel :"
,"sendi «telegram» :": "Envoi d'un «telegram» :"
,"sendi «URL» :": "Envoi d'une «URL» :"
,"Sentemo :": "Sensibilité:"
,"Stokado": "Stockage"
,"stoki bildojn :": "Stocker Images:"
,"stoki filmetojn :": "Stocker les vidéos:"
,"stoki sur fora servilo :": "Stocker sur un serveur distant:"
,"Url :": "URL:"
}
