{"":{"language":"de","plural-forms":"nplurals=2; plural=(n > 1);"}
,"Al :": "Zu:"
,"Areoj": "Bereiche"
,"Detekto Aktivida :": "Erkennung aktiviert:"
,"Fina Tempo": "Das letzte Mal"
,"ĝeneralaj agordoj": "Allgemeine Einstellungen"
,"Maksimuma nombro de samtempaj zonoj kun movado": "Maximale Anzahl von Simultan-Zonen mit Bewegung"
,"Minimuma nombro de zonoj dum movado": "Mindestanzahl der Zonen während der Bewegung"
,"Movo-Agordoj": "Einstellungen bewegen"
,"Ordonon:": "Auftrag:"
,"plenumi ordonon:": "Um eine Bestellung auszuführen:"
,"Sciigo": "Benachrichtigung"
,"Senaktiva Tempo": "Inaktive Zeit"
,"sendi retpoŝton :": "Eine E-Mail senden:"
,"sendi «telegram» :": "Senden Sie \"Telegramm\":"
,"sendi «URL» :": "Senden Sie \"URL\":"
,"Sentemo :": "Empfindlichkeit:"
,"Stokado": "Lager"
,"stoki bildojn :": "Bilder speichern:"
,"stoki filmetojn :": "Videos speichern:"
,"stoki sur fora servilo :": "Auf einem Remote-Server speichern:"
,"Url :": "URL:"
}
