{"":{"language":"hi","plural-forms":"nplurals=2; plural=(n > 1);"}
,"Al :": "सेवा:"
,"Areoj": "क्षेत्रों"
,"Detekto Aktivida :": "पहचान सक्रिय:"
,"Fina Tempo": "अंतिम समय"
,"ĝeneralaj agordoj": "सामान्य सेटिंग्स"
,"Maksimuma nombro de samtempaj zonoj kun movado": "आंदोलन के साथ एक साथ क्षेत्रों की अधिकतम संख्या"
,"Minimuma nombro de zonoj dum movado": "आंदोलन के दौरान न्यूनतम क्षेत्रों की संख्या"
,"Movo-Agordoj": "सेटिंग्स को स्थानांतरित करें"
,"Ordonon:": "गण:"
,"plenumi ordonon:": "ऑर्डर करने के लिए:"
,"Sciigo": "अधिसूचना"
,"Senaktiva Tempo": "निष्क्रिय समय"
,"sendi retpoŝton :": "एक ईमेल भेजो:"
,"sendi «telegram» :": "\"टेलीग्राम\" भेजें:"
,"sendi «URL» :": "\"URL\" भेजें:"
,"Sentemo :": "संवेदनशीलता:"
,"Stokado": "भंडारण"
,"stoki bildojn :": "छवियों को स्टोर करें:"
,"stoki filmetojn :": "स्टोर वीडियो:"
,"stoki sur fora servilo :": "एक दूरस्थ सर्वर पर स्टोर करें:"
,"Url :": "URL:"
}
