{"":{"language":"pl","plural-forms":"nplurals=2; plural=(n > 1);"}
,"Al :": "Do:"
,"Areoj": "Obszary"
,"Detekto Aktivida :": "Aktywowany wykrywanie:"
,"Fina Tempo": "Czas końcowy"
,"ĝeneralaj agordoj": "Ustawienia główne"
,"Maksimuma nombro de samtempaj zonoj kun movado": "Maksymalna liczba jednoczesnych stref z ruchem"
,"Minimuma nombro de zonoj dum movado": "Minimalna liczba stref podczas ruchu"
,"Movo-Agordoj": "Przenieś ustawienia"
,"Ordonon:": "Zamówienie:"
,"plenumi ordonon:": "Aby wykonać zamówienie:"
,"Sciigo": "Powiadomienie"
,"Senaktiva Tempo": "Czas nieaktywny"
,"sendi retpoŝton :": "Wyślij e-mail:"
,"sendi «telegram» :": "Wyślij \"telegram\":"
,"sendi «URL» :": "Wyślij \"URL\":"
,"Sentemo :": "Wrażliwość:"
,"Stokado": "Przechowywanie"
,"stoki bildojn :": "Przechowuj obrazy:"
,"stoki filmetojn :": "Store Filmy:"
,"stoki sur fora servilo :": "Sklep na zdalnym serwerze:"
,"Url :": "URL:"
}
