{"":{"language":"en","plural-forms":"nplurals=2; plural=(n > 1);"}
,"Al :": "To:"
,"Areoj": "Areas"
,"Detekto Aktivida :": "Detection activated:"
,"Fina Tempo": "Final Time"
,"ĝeneralaj agordoj": "General settings"
,"Maksimuma nombro de samtempaj zonoj kun movado": "Maximum number of simultaneous zones with movement"
,"Minimuma nombro de zonoj dum movado": "Minimum number of zones during movement"
,"Movo-Agordoj": "Move Settings"
,"Ordonon:": "Order:"
,"plenumi ordonon:": "to perform an order:"
,"Sciigo": "Notification"
,"Senaktiva Tempo": "Inactive time"
,"sendi retpoŝton :": "Send an email:"
,"sendi «telegram» :": "Send \"Telegram\":"
,"sendi «URL» :": "Send \"URL\":"
,"Sentemo :": "Sensitivity:"
,"Stokado": "Storage"
,"stoki bildojn :": "Store images:"
,"stoki filmetojn :": "Store videos:"
,"stoki sur fora servilo :": "Store on a remote server:"
,"Url :": "URL:"
}
