{"":{"language":"ar","plural-forms":"nplurals=2; plural=(n > 1);"}
,"kopiu ĉi tiun pozicion al:": "                                                                                                                                                         :ﻰﻟﺇ ﻒﻗﻮﻤﻟﺍ ﺍﺬﻫ ﺦﺴﻧﺍ"
,"Motoro Testo": "                                                                                                                                                                ﻙﺮﺤﻤﻟﺍ ﺭﺎﺒﺘﺧﺍ"
,"Pozicio : X =": "                                                                                                                                                              X u003d :ﺰﻛﺮﻤﻟﺍ"
,"Rapideco :": "                                                                                                                                                                        :ﺔﻋﺮﺳ"
,"&uarr; Supra": "                                                                                                                                                                      ﺍﺮﺑﻮﺳ ↑"
,"Y =": "                                                                                                                                                                      u003d ﺹ"
}
