{"":{"language":"nl","plural-forms":"nplurals=2; plural=(n > 1);"}
,"Adresanto :": "ADRESSER:"
,"Al :": "Naar:"
,"Ensaluto :": "Log in:"
,"Haveno :": "Haven:"
,"Mesaĝo :": "Bericht:"
,"Pasvorto :": "Wachtwoord:"
,"Poŝto-Agordoj": "Mail-instellingen"
,"Pri :": "Over:"
,"Servilo :": "Server:"
,"<strong>Aŭtentigo :</strong>": "<Sterke>Authenticatie:</ sterk>"
,"<strong>Servilo (SSL deviga) :</strong>": "<Sterk>Server (SSL Verplicht) :</ sterk>"
,"<strong>Testo :</strong>": "<Sterke>Test:</ sterk>"
,"Submeti": "Om in te dienen"
,"Submeti kaj Testi": "Indienen en testen"
}
