{"":{"language":"ja","plural-forms":"nplurals=2; plural=(n > 1);"}
,"Adresanto :": "ドレッサー："
,"Al :": "に："
,"Ensaluto :": "ログイン："
,"Haveno :": "ポート："
,"Mesaĝo :": "メッセージ："
,"Pasvorto :": "パスワード："
,"Poŝto-Agordoj": "メール設定"
,"Pri :": "約："
,"Servilo :": "サーバ："
,"<strong>Aŭtentigo :</strong>": "<強い>認証：</強い>"
,"<strong>Servilo (SSL deviga) :</strong>": "<強い>サーバー (SSL必須) :</強い>"
,"<strong>Testo :</strong>": "<強い>試験：</強い>"
,"Submeti": "提出する"
,"Submeti kaj Testi": "提出とテスト"
}
