{"":{"language":"en","plural-forms":"nplurals=2; plural=(n > 1);"}
,"Adresanto :": "Addressee:"
,"Al :": "Al:"
,"Ensaluto :": "Login:"
,"Haveno :": "Port:"
,"Mesaĝo :": "Message:"
,"Pasvorto :": "Password:"
,"Poŝto-Agordoj": "Mail Settings"
,"Pri :": "About:"
,"Servilo :": "Server:"
,"<strong>Aŭtentigo :</strong>": "<strong>Authentication:</ strong>"
,"<strong>Servilo (SSL deviga) :</strong>": "<strong>Server (SSL required) :</ strong>"
,"<strong>Testo :</strong>": "<strong>Testo:</ strong>"
,"Submeti": "Submit"
,"Submeti kaj Testi": "Submit and Test"
}
