{"":{"language":"es","plural-forms":"nplurals=2; plural=(n > 1);"}
,"Adresanto :": "Destinatario:"
,"Al :": "Alabama:"
,"Ensaluto :": "Acceso:"
,"Haveno :": "Puerto:"
,"Mesaĝo :": "Mensaje:"
,"Pasvorto :": "Contraseña:"
,"Poŝto-Agordoj": "Configuración de correo"
,"Pri :": "Acerca de:"
,"Servilo :": "Servidor:"
,"<strong>Aŭtentigo :</strong>": "<fuerte>Autenticación:</ fuerte>"
,"<strong>Servilo (SSL deviga) :</strong>": "<fuerte>Servidor (SSL requerido) :</ fuerte>"
,"<strong>Testo :</strong>": "<fuerte>Testo:</ fuerte>"
,"Submeti": "Enviar"
,"Submeti kaj Testi": "Enviar y probar"
}
