{"":{"language":"it","plural-forms":"nplurals=2; plural=(n > 1);"}
,"Adresanto :": "Destinatario:"
,"Al :": "Al:"
,"Ensaluto :": "Login:"
,"Haveno :": "Porta:"
,"Mesaĝo :": "Messaggio:"
,"Pasvorto :": "Parola d'ordine:"
,"Poŝto-Agordoj": "Impostazioni della posta"
,"Pri :": "Impostazioni della posta"
,"Servilo :": "Impostazioni della posta"
,"<strong>Aŭtentigo :</strong>": "Impostazioni della posta"
,"<strong>Servilo (SSL deviga) :</strong>": "Impostazioni della posta"
,"<strong>Testo :</strong>": "Impostazioni della posta"
,"Submeti": "Impostazioni della posta"
,"Submeti kaj Testi": "Impostazioni della posta"
}
