{"":{"language":"pl","plural-forms":"nplurals=2; plural=(n > 1);"}
,"Adresanto :": "Adreser:"
,"Al :": "Do:"
,"Ensaluto :": "Zaloguj sie:"
,"Haveno :": "Port:"
,"Mesaĝo :": "Wiadomość:"
,"Pasvorto :": "Hasło:"
,"Poŝto-Agordoj": "Ustawienia poczty"
,"Pri :": "O:"
,"Servilo :": "Serwer:"
,"<strong>Aŭtentigo :</strong>": "<Silne>Uwierzytelnianie:</ Silne>"
,"<strong>Servilo (SSL deviga) :</strong>": "<Serwer>Serwer (Obowiązkowy SSL) :</ silny>"
,"<strong>Testo :</strong>": "<Silny>Test:</ silny>"
,"Submeti": "Aby przesłać"
,"Submeti kaj Testi": "Prześlij i test"
}
