{"":{"language":"zh","plural-forms":"nplurals=2; plural=(n > 1);"}
,"Adresanto :": "一个梳妆台："
,"Al :": "至："
,"Ensaluto :": "登录："
,"Haveno :": "港口："
,"Mesaĝo :": "信息："
,"Pasvorto :": "密码："
,"Poŝto-Agordoj": "邮件设置"
,"Pri :": "关于："
,"Servilo :": "服务器："
,"<strong>Aŭtentigo :</strong>": "<强>认证：</强>"
,"<strong>Servilo (SSL deviga) :</strong>": "<强>服务器 (SSL义务) :</强>"
,"<strong>Testo :</strong>": "<强>测试：</强>"
,"Submeti": "提交"
,"Submeti kaj Testi": "提交和测试"
}
