{"":{"language":"hi","plural-forms":"nplurals=2; plural=(n > 1);"}
,"Adresanto :": "पता करने वाला:"
,"Al :": "अल:"
,"Ensaluto :": "लॉग इन करें:"
,"Haveno :": "बंदरगाह:"
,"Mesaĝo :": "संदेश:"
,"Pasvorto :": "कुंजिका:"
,"Poŝto-Agordoj": "मेल सेटिंग्स"
,"Pri :": "तकरीबन:"
,"Servilo :": "सर्वर:"
,"<strong>Aŭtentigo :</strong>": "<मजबूत>प्रमाणीकरण:</ मजबूत>"
,"<strong>Servilo (SSL deviga) :</strong>": "<मजबूत>सर्वर (SSL आवश्यक) :</ मजबूत>"
,"<strong>Testo :</strong>": "<मजबूत>टेस्टो:</ मजबूत>"
,"Submeti": "प्रस्तुत"
,"Submeti kaj Testi": "सबमिट करें और परीक्षण करें"
}
