{"":{"language":"ar","plural-forms":"nplurals=2; plural=(n > 1);"}
,"Adresanto :": "Adresser:"
,"Al :": "ل:"
,"Ensaluto :": "تسجيل الدخول:"
,"Haveno :": "ميناء:"
,"Mesaĝo :": "رسالة:"
,"Pasvorto :": "كلمة المرور:"
,"Poŝto-Agordoj": "إعدادات البريد"
,"Pri :": "حول:"
,"Servilo :": "الخادم:"
,"<strong>Aŭtentigo :</strong>": "<مصادقة قوية>:</ قوي>"
,"<strong>Servilo (SSL deviga) :</strong>": "<قوي>خادم (إلزامي SSL) :</ قوي>"
,"<strong>Testo :</strong>": "<اختبار قوي>:</ قوي>"
,"Submeti": "لتقديم"
,"Submeti kaj Testi": "تقديم واختبار"
}
