{"":{"language":"de","plural-forms":"nplurals=2; plural=(n > 1);"}
,"Adresanto :": "Adressat:"
,"Al :": "Al:"
,"Ensaluto :": "Anmeldung:"
,"Haveno :": "Hafen:"
,"Mesaĝo :": "Botschaft:"
,"Pasvorto :": "Passwort:"
,"Poŝto-Agordoj": "Mail-Einstellungen"
,"Pri :": "Über:"
,"Servilo :": "Server:"
,"<strong>Aŭtentigo :</strong>": "<stark>Authentifizierung:</ stark>"
,"<strong>Servilo (SSL deviga) :</strong>": "<stark>Server (SSL erforderlich) :</ stark>"
,"<strong>Testo :</strong>": "<stark>Testo:</ stark>"
,"Submeti": "einreichen"
,"Submeti kaj Testi": "Senden und testen"
}
