{"":{"language":"ms","plural-forms":"nplurals=2; plural=(n > 1);"}
,"Adresanto :": "Pendreser:"
,"Al :": "Kepada:"
,"Ensaluto :": "Log masuk:"
,"Haveno :": "Port:"
,"Mesaĝo :": "Mesej:"
,"Pasvorto :": "Kata laluan:"
,"Poŝto-Agordoj": "Tetapan mel."
,"Pri :": "Mengenai:"
,"Servilo :": "Pelayan:"
,"<strong>Aŭtentigo :</strong>": "<Kuat>Pengesahan:</ kuat>"
,"<strong>Servilo (SSL deviga) :</strong>": "<Strong>Server (SSL Obligatory) :</ Strong>"
,"<strong>Testo :</strong>": "<Strong>Test:</ Strong>"
,"Submeti": "Mengemukakan"
,"Submeti kaj Testi": "Hantar dan testis"
}
