{"":{"language":"bn","plural-forms":"nplurals=2; plural=(n > 1);"}
,"Adresanto :": "একটি রুপকার:"
,"Al :": "প্রতি:"
,"Ensaluto :": "প্রবেশ করুন:"
,"Haveno :": "পোর্ট:"
,"Mesaĝo :": "বার্তা:"
,"Pasvorto :": "পাসওয়ার্ড:"
,"Poŝto-Agordoj": "মেল সেটিংস"
,"Pri :": "সম্পর্কিত:"
,"Servilo :": "সার্ভার:"
,"<strong>Aŭtentigo :</strong>": "<শক্তিশালী>প্রমাণীকরণ:</ শক্তিশালী>"
,"<strong>Servilo (SSL deviga) :</strong>": "<শক্তিশালী>সার্ভার (এসএসএল প্রয়োজনীয়) :</ শক্তিশালী>"
,"<strong>Testo :</strong>": "<শক্তিশালী>টেস্টো:</ শক্তিশালী>"
,"Submeti": "জমা দিন"
,"Submeti kaj Testi": "জমা দিন এবং পরীক্ষা করুন"
}
