{"":{"language":"pa","plural-forms":"nplurals=2; plural=(n > 1);"}
,"Adresanto :": "ਐਡਰੈਸਸਰ:"
,"Al :": "ਨੂੰ:"
,"Ensaluto :": "ਲਾਗਿਨ:"
,"Haveno :": "ਪੋਰਟ:"
,"Mesaĝo :": "ਸੁਨੇਹਾ:"
,"Pasvorto :": "ਪਾਸਵਰਡ:"
,"Poŝto-Agordoj": "ਮੇਲ ਸੈਟਿੰਗਜ਼"
,"Pri :": "ਬਾਰੇ:"
,"Servilo :": "ਸਰਵਰ:"
,"<strong>Aŭtentigo :</strong>": "<ਮਜ਼ਬੂਤ ​​>ਪ੍ਰਮਾਣਿਕਤਾ:</ ਮਜ਼ਬੂਤ ​​>"
,"<strong>Servilo (SSL deviga) :</strong>": "<ਮਜ਼ਬੂਤ ​​>ਸਰਵਰ (ਐਸਐਸਐਲ ਲਾਜ਼ਮੀ</ ਮਜ਼ਬੂਤ ​​>"
,"<strong>Testo :</strong>": "<ਮਜ਼ਬੂਤ ​​>ਟੈਸਟ:</ ਮਜ਼ਬੂਤ ​​>"
,"Submeti": "ਜਮ੍ਹਾ ਕਰਨ ਲਈ"
,"Submeti kaj Testi": "ਜਮ੍ਹਾ ਕਰੋ ਅਤੇ ਟੈਸਟ ਕਰੋ"
}
