{"":{"language":"ru","plural-forms":"nplurals=2; plural=(n > 1);"}
,"Adresanto :": "Комод:"
,"Al :": "К:"
,"Ensaluto :": "Авторизоваться:"
,"Haveno :": "Порт:"
,"Mesaĝo :": "Сообщение:"
,"Pasvorto :": "Пароль:"
,"Poŝto-Agordoj": "Настройки почты"
,"Pri :": "О:"
,"Servilo :": "Сервер:"
,"<strong>Aŭtentigo :</strong>": "<Сильные>Аутентификация:</ Сильные>"
,"<strong>Servilo (SSL deviga) :</strong>": "<Сильные>Сервер (SSL Обязательный) :</ Сильные>"
,"<strong>Testo :</strong>": "<Сильные>Тест:</ Сильные>"
,"Submeti": "Представить"
,"Submeti kaj Testi": "Отправить и тестировать"
}
