{"":{"language":"fr","plural-forms":"nplurals=2; plural=(n > 1);"}
,"Adresanto :": "Expéditeur :"
,"Al :": "À :"
,"Ensaluto :": "Utilisateur :"
,"Haveno :": "Port :"
,"Mesaĝo :": "Message :"
,"Pasvorto :": "Mot de passe :"
,"Poŝto-Agordoj": "Paramètres courriel"
,"Pri :": "Sujet :"
,"Servilo :": "Serveur :"
,"<strong>Aŭtentigo :</strong>": "<strong>Authentification :</strong>"
,"<strong>Servilo (SSL deviga) :</strong>": "<strong>Serveur (SSL obligatoire) :</strong>"
,"<strong>Testo :</strong>": "<strong>Test :</strong>"
,"Submeti": "Soumettre"
,"Submeti kaj Testi": "Soumettre et tester"
}
