{"":{"language":"pt","plural-forms":"nplurals=2; plural=(n > 1);"}
,"Adresanto :": "REPRESSER:"
,"Al :": "Para:"
,"Ensaluto :": "Conecte-se:"
,"Haveno :": "Porta:"
,"Mesaĝo :": "Mensagem:"
,"Pasvorto :": "Senha:"
,"Poŝto-Agordoj": "Configurações de correio"
,"Pri :": "Cerca de:"
,"Servilo :": "Servidor:"
,"<strong>Aŭtentigo :</strong>": "<Forte>Autenticação:</ forte>"
,"<strong>Servilo (SSL deviga) :</strong>": "<Strong>Server (SSL Obrigatório) :</ forte>"
,"<strong>Testo :</strong>": "<Forte>Teste:</ forte>"
,"Submeti": "Submeter"
,"Submeti kaj Testi": "Enviar e teste"
}
