{"":{"language":"ar","plural-forms":"nplurals=2; plural=(n > 1);"}
,"-": "-"
,"/": "/"
,"Adresoj gamo :": "مجموعة العناوين:"
,"Aktivi :": "لتنشيط:"
,"dns1 IP-adreso :": "عنوان IP DNS1:"
,"dns2 IP-adreso :": "عنوان IP DNS2:"
,"enirejo :": "مدخل:"
,"ĝeneralaj agordoj": "الاعدادات العامة"
,"IP-adreso :": "عنوان IP:"
,"LAN eth0": "شبكة LAN ETH0."
,"Reto-Agordoj": "اعدادات الشبكة"
,"SSID :": "SSID:"
,"<strong>DHCP Servilo :</strong>": "<قوي>خادم DHCP:</ قوي>"
,"<strong>DNS Serviloj :</strong>": "<قودا>خوادم DNS:</ قوي>"
,"<strong>IP Agordoj :</strong>": "<قواطع>إعدادات IP:</ قوي>"
,"<strong>manaj IP-agordoj (estos ignorita se dhcp estas ebligita) :</strong>": "سيتم تجاهل<قوي>إعداد إعدادات IP اليدوية (إذا تم تمكين DHCP) :</ قوي>"
,"<strong>Wifi Agordoj :</strong>": "<قواطع>إعدادات WiFi:</ قوي>"
,"Uzi dhcp :": "قواطعإعدادات WiFi:/ قوي"
,"WiFi-AP wlan1": "WiFi AP WLAN1."
,"WiFi-kliento wlan0": "واي فاي العملاء wlan0."
,"WiFi pasvorto :": "واي فاي العملاء wlan0."
}
