{"":{"language":"ru","plural-forms":"nplurals=2; plural=(n > 1);"}
,"-": "-"
,"/": "/"
,"Adresoj gamo :": "Адрес диапазона:"
,"Aktivi :": "Активировать:"
,"dns1 IP-adreso :": "IP-адрес DNS1:"
,"dns2 IP-adreso :": "IP-адрес DNS2:"
,"enirejo :": "Вход:"
,"ĝeneralaj agordoj": "Общие настройки"
,"IP-adreso :": "Айпи адрес:"
,"LAN eth0": "LAN ETH0."
,"Reto-Agordoj": "Настройки сети"
,"SSID :": "SSID:"
,"<strong>DHCP Servilo :</strong>": "<Сильные>DHCP-сервер:</ Сильные>"
,"<strong>DNS Serviloj :</strong>": "<Сильные>DNS-серверы:</ Сильные>"
,"<strong>IP Agordoj :</strong>": "<Сильные>Настройки IP:</ Сильные>"
,"<strong>manaj IP-agordoj (estos ignorita se dhcp estas ebligita) :</strong>": "<Сильные>Ручные настройки IP (будут игнорироваться, если DHCP включен) :</ SIRC>"
,"<strong>Wifi Agordoj :</strong>": "<Сильные>Настройки WiFi:</ Сильные>"
,"Uzi dhcp :": "Используйте DHCP:"
,"WiFi-AP wlan1": "WiFi AP WLAN1."
,"WiFi-kliento wlan0": "WiFi клиент WLAN0"
,"WiFi pasvorto :": "Wi-Fi Password:"
}
