{"":{"language":"bn","plural-forms":"nplurals=2; plural=(n > 1);"}
,"-": "-"
,"/": "/"
,"Adresoj gamo :": "ঠিকানার সীমা:"
,"Aktivi :": "সম্পদসমূহ:"
,"dns1 IP-adreso :": "dns1 আইপি ঠিকানা:"
,"dns2 IP-adreso :": "dns2 আইপি ঠিকানা:"
,"enirejo :": "প্রবেশদ্বার:"
,"ĝeneralaj agordoj": "সাধারণ সেটিংস"
,"IP-adreso :": "আইপি ঠিকানা:"
,"LAN eth0": "ল্যান এথ0"
,"Reto-Agordoj": "নেটওয়ার্ক সেটিংস"
,"SSID :": "এসএসআইডি:"
,"<strong>DHCP Servilo :</strong>": "<শক্তিশালী>ডিএইচসিপি সার্ভার:</ শক্তিশালী>"
,"<strong>DNS Serviloj :</strong>": "<শক্তিশালী>ডিএনএস সার্ভারগুলি:</ শক্তিশালী>"
,"<strong>IP Agordoj :</strong>": "<শক্তিশালী>আইপি সেটিংস:</ শক্তিশালী>"
,"<strong>manaj IP-agordoj (estos ignorita se dhcp estas ebligita) :</strong>": "<শক্তিশালী>ম্যানুয়াল আইপি সেটিংস (উপেক্ষা করা হবে যদি ডিএইচসিপি সক্ষম হয়) :</ শক্তিশালী>"
,"<strong>Wifi Agordoj :</strong>": "<শক্তিশালী>ওয়াইফাই সেটিংস:</ শক্তিশালী>"
,"Uzi dhcp :": "ডিএইচসিপি ব্যবহার করুন:"
,"WiFi-AP wlan1": "WiFi-AP wlan1"
,"WiFi-kliento wlan0": "ওয়াইফাই ক্লায়েন্ট wlan0"
,"WiFi pasvorto :": "ওয়াইফাই পাসওয়ার্ড:"
}
