{"":{"language":"en","plural-forms":"nplurals=2; plural=(n > 1);"}
,"-": "-"
,"/": "/"
,"Adresoj gamo :": "Address range:"
,"Aktivi :": "Assets:"
,"dns1 IP-adreso :": "dns1 IP address:"
,"dns2 IP-adreso :": "dns2 IP address:"
,"enirejo :": "entrance:"
,"ĝeneralaj agordoj": "general settings"
,"IP-adreso :": "IP address:"
,"LAN eth0": "LAN eth0"
,"Reto-Agordoj": "Network Settings"
,"SSID :": "SSID:"
,"<strong>DHCP Servilo :</strong>": "<strong>DHCP Server:</ strong>"
,"<strong>DNS Serviloj :</strong>": "<strong>DNS Servers:</ strong>"
,"<strong>IP Agordoj :</strong>": "<strong>IP Settings:</ strong>"
,"<strong>manaj IP-agordoj (estos ignorita se dhcp estas ebligita) :</strong>": "<strong>IP Settings: (/ strong) "
,"<strong>Wifi Agordoj :</strong>": "<strong>IP Settings:</ strong>"
,"Uzi dhcp :": "Use dhcp:"
,"WiFi-AP wlan1": "WiFi-AP wlan1"
,"WiFi-kliento wlan0": "WiFi-client wlan0"
,"WiFi pasvorto :": "WiFi password:"
}
