{"":{"language":"fr","plural-forms":"nplurals=2; plural=(n > 1);"}
,"-": "-"
,"/": "/"
,"Adresoj gamo :": "Plage d'adresses :"
,"Aktivi :": "Activer :"
,"dns1 IP-adreso :": "Adresse IP dns1 :"
,"dns2 IP-adreso :": "Adresse IP dns2 :"
,"enirejo :": "passerelle :"
,"ĝeneralaj agordoj": "réglages généraux"
,"IP-adreso :": "Adresse IP:"
,"LAN eth0": "LAN eth0"
,"Reto-Agordoj": "Paramètres réseau"
,"SSID :": "SSID :"
,"<strong>DHCP Servilo :</strong>": "<strong>Serveur DHCP :</strong>"
,"<strong>DNS Serviloj :</strong>": "<strong>serveurs DNS :</strong>"
,"<strong>IP Agordoj :</strong>": "<strong>Paramètres IP :</strong>"
,"<strong>manaj IP-agordoj (estos ignorita se dhcp estas ebligita) :</strong>": "<strong>paramètres IP manuels (seront ignorés si dhcp est activé) :</strong>"
,"<strong>Wifi Agordoj :</strong>": "<strong>Paramètres Wifi :</strong>"
,"Uzi dhcp :": "Utiliser DHCP :"
,"WiFi-AP wlan1": "WiFi-AP wlan1"
,"WiFi-kliento wlan0": "WiFi wlan0"
,"WiFi pasvorto :": "Mot de passe WiFi :"
}
