{"":{"language":"pt","plural-forms":"nplurals=2; plural=(n > 1);"}
,"-": "-"
,"/": "/"
,"Adresoj gamo :": "Faixa de endereços:"
,"Aktivi :": "Ativar:"
,"dns1 IP-adreso :": "Endereço IP DNS1:"
,"dns2 IP-adreso :": "Endereço IP DNS2:"
,"enirejo :": "Entrada:"
,"ĝeneralaj agordoj": "Configurações Gerais"
,"IP-adreso :": "Endereço de IP:"
,"LAN eth0": "Lan eth0."
,"Reto-Agordoj": "Configurações de rede"
,"SSID :": "SSID:"
,"<strong>DHCP Servilo :</strong>": "<Forte>Servidor DHCP:</ forte>"
,"<strong>DNS Serviloj :</strong>": "<Forte>Servidores DNS:</ forte>"
,"<strong>IP Agordoj :</strong>": "<Forte>Configurações IP:</ forte>"
,"<strong>manaj IP-agordoj (estos ignorita se dhcp estas ebligita) :</strong>": "<Forte>Configurações de IP manual (será ignorada se o DHCP estiver ativado) :</ forte>/ forte 6)"
,"<strong>Wifi Agordoj :</strong>": "<Forte>Configurações de Wi-Fi:</ forte>"
,"Uzi dhcp :": "Use DHCP:"
,"WiFi-AP wlan1": "Wifi ap wlan1."
,"WiFi-kliento wlan0": "Cliente-WiFi WLAN0."
,"WiFi pasvorto :": "Senha do wifi:"
}
