{"":{"language":"de","plural-forms":"nplurals=2; plural=(n > 1);"}
,"-": "-"
,"/": "/"
,"Adresoj gamo :": "Adressbereich:"
,"Aktivi :": "Vermögenswerte:"
,"dns1 IP-adreso :": "DNS1 IP-Adresse:"
,"dns2 IP-adreso :": "DNS2 IP-Adresse:"
,"enirejo :": "Eingang:"
,"ĝeneralaj agordoj": "Allgemeine Einstellungen"
,"IP-adreso :": "IP Adresse:"
,"LAN eth0": "LAN eth0"
,"Reto-Agordoj": "Netzwerkeinstellungen"
,"SSID :": "SSID:"
,"<strong>DHCP Servilo :</strong>": "<starker>DHCP-Server:</ starker>"
,"<strong>DNS Serviloj :</strong>": "<starke>DNS-Server:</ starke>"
,"<strong>IP Agordoj :</strong>": "<stark>IP-Einstellungen:</ stark>"
,"<strong>manaj IP-agordoj (estos ignorita se dhcp estas ebligita) :</strong>": "<stark>manuelle IP-Einstellungen (werden ignoriert, wenn dhcp aktiviert ist) :</ stark>"
,"<strong>Wifi Agordoj :</strong>": "<stark>Wifi-Einstellungen:</ stark>"
,"Uzi dhcp :": "Verwenden Sie dhcp:"
,"WiFi-AP wlan1": "WiFi-AP wlan1"
,"WiFi-kliento wlan0": "WiFi-Client wlan0"
,"WiFi pasvorto :": "WLAN Passwort:"
}
