{"":{"language":"ms","plural-forms":"nplurals=2; plural=(n > 1);"}
,"-": "-"
,"/": "/"
,"Adresoj gamo :": "Alamat Julat:"
,"Aktivi :": "Untuk mengaktifkan:"
,"dns1 IP-adreso :": "Alamat IP DNS1:"
,"dns2 IP-adreso :": "Alamat IP DNS2:"
,"enirejo :": "Masuk:"
,"ĝeneralaj agordoj": "Tetapan umum"
,"IP-adreso :": "Alamat IP:"
,"LAN eth0": "LAN ETH0."
,"Reto-Agordoj": "Tetapan rangkaian"
,"SSID :": "SSID:"
,"<strong>DHCP Servilo :</strong>": "<Strong>Pelayan DHCP:</ Strong>"
,"<strong>DNS Serviloj :</strong>": "<Strong>Servers DNS:</ Strong>"
,"<strong>IP Agordoj :</strong>": "<Strong>Tetapan IP:</ Strong>"
,"<strong>manaj IP-agordoj (estos ignorita se dhcp estas ebligita) :</strong>": "<Strong>Tetapan IP: (/ Strong) "
,"<strong>Wifi Agordoj :</strong>": "<Strong>Tetapan IP:</ Strong>"
,"Uzi dhcp :": "Gunakan DHCP:"
,"WiFi-AP wlan1": "Wifi ap wlan1."
,"WiFi-kliento wlan0": "WLAN0 WIFI."
,"WiFi pasvorto :": "Kata Laluan WiFi:"
}
