{"":{"language":"hi","plural-forms":"nplurals=2; plural=(n > 1);"}
,"-": "-"
,"/": "/"
,"Adresoj gamo :": "पता श्रेणी:"
,"Aktivi :": "संपत्ति:"
,"dns1 IP-adreso :": "डीएनएस1 आईपी पता:"
,"dns2 IP-adreso :": "dns2 आईपी पता:"
,"enirejo :": "प्रवेश:"
,"ĝeneralaj agordoj": "सामान्य सेटिंग्स"
,"IP-adreso :": "आईपी पता:"
,"LAN eth0": "लैन eth0"
,"Reto-Agordoj": "नेटवर्क सेटिंग"
,"SSID :": "एसएसआईडी:"
,"<strong>DHCP Servilo :</strong>": "<मजबूत>DHCP सर्वर:</ मजबूत>"
,"<strong>DNS Serviloj :</strong>": "<मजबूत>DNS सर्वर:</ मजबूत>"
,"<strong>IP Agordoj :</strong>": "<मजबूत>IP सेटिंग्स:</ मजबूत>"
,"<strong>manaj IP-agordoj (estos ignorita se dhcp estas ebligita) :</strong>": "<मजबूत>मैनुअल IP सेटिंग्स (को अनदेखा कर दिया जाएगा यदि dhcp सक्षम है) :</ मजबूत>"
,"<strong>Wifi Agordoj :</strong>": "<मजबूत>वाईफ़ाई सेटिंग्स:</ मजबूत>"
,"Uzi dhcp :": "डीएचसीपी का प्रयोग करें:"
,"WiFi-AP wlan1": "वाईफाई-एपी wlan1"
,"WiFi-kliento wlan0": "वाईफाई क्लाइंट wlan0"
,"WiFi pasvorto :": "वाईफ़ाई पासवर्ड:"
}
