{"":{"language":"nl","plural-forms":"nplurals=2; plural=(n > 1);"}
,"-": "-"
,"/": "/"
,"Adresoj gamo :": "Adressen bereik:"
,"Aktivi :": "Activeren:"
,"dns1 IP-adreso :": "DNS1 IP-adres:"
,"dns2 IP-adreso :": "DNS2 IP-adres:"
,"enirejo :": "Ingang:"
,"ĝeneralaj agordoj": "Algemene instellingen"
,"IP-adreso :": "IP adres:"
,"LAN eth0": "Lan eth0"
,"Reto-Agordoj": "Netwerkinstellingen"
,"SSID :": "SSID:"
,"<strong>DHCP Servilo :</strong>": "<sterk>DHCP-server:</ sterk>"
,"<strong>DNS Serviloj :</strong>": "<sterk>DNS-servers:</ sterk>"
,"<strong>IP Agordoj :</strong>": "<Strong>IP-instellingen:</ sterk>"
,"<strong>manaj IP-agordoj (estos ignorita se dhcp estas ebligita) :</strong>": "<Sterk>Handmatige IP-instellingen (worden genegeerd als DHCP is ingeschakeld) :</ sterk>"
,"<strong>Wifi Agordoj :</strong>": "<Sterke>WIFI-instellingen:</ sterk>"
,"Uzi dhcp :": "Gebruik DHCP:"
,"WiFi-AP wlan1": "Wifi ap wlan1"
,"WiFi-kliento wlan0": "Wifi-klant wlan0"
,"WiFi pasvorto :": "Wifi wachtwoord:"
}
