{"":{"language":"pl","plural-forms":"nplurals=2; plural=(n > 1);"}
,"-": "-"
,"/": "/"
,"Adresoj gamo :": "Adresy zakres:"
,"Aktivi :": "Aktywować:"
,"dns1 IP-adreso :": "Adres IP DNS1:"
,"dns2 IP-adreso :": "Adres IP DNS2:"
,"enirejo :": "Wejście:"
,"ĝeneralaj agordoj": "Ustawienia główne"
,"IP-adreso :": "Adres IP:"
,"LAN eth0": "LAN ETH0."
,"Reto-Agordoj": "Ustawienia sieci"
,"SSID :": "SSID:"
,"<strong>DHCP Servilo :</strong>": "<Silny>Serwer DHCP:</ silny>"
,"<strong>DNS Serviloj :</strong>": "<Silne>Serwery DNS:</ silne>"
,"<strong>IP Agordoj :</strong>": "<Silne>Ustawienia IP:</ silne>"
,"<strong>manaj IP-agordoj (estos ignorita se dhcp estas ebligita) :</strong>": "<Silne>Ręczne ustawienia IP (zostaną zignorowane, jeśli DHCP jest włączony) :</ silny>"
,"<strong>Wifi Agordoj :</strong>": "<Silne>Ustawienia WiFi:</ mocna>"
,"Uzi dhcp :": "Użyj DHCP:"
,"WiFi-AP wlan1": "WiFi AP WLAN1."
,"WiFi-kliento wlan0": "Klient-WiFi WLAN0."
,"WiFi pasvorto :": "Hasło do wifi:"
}
