{"":{"language":"es","plural-forms":"nplurals=2; plural=(n > 1);"}
,"-": "-"
,"/": "/"
,"Adresoj gamo :": "Rango de direcciones:"
,"Aktivi :": "Activos:"
,"dns1 IP-adreso :": "Dirección IP dns1:"
,"dns2 IP-adreso :": "Dirección IP dns2:"
,"enirejo :": "Entrada:"
,"ĝeneralaj agordoj": "Configuración general"
,"IP-adreso :": "Dirección IP:"
,"LAN eth0": "LAN eth0"
,"Reto-Agordoj": "Configuración de red"
,"SSID :": "SSID:"
,"<strong>DHCP Servilo :</strong>": "<fuerte>Servidor DHCP:</ fuerte>"
,"<strong>DNS Serviloj :</strong>": "<fuerte>Servidores DNS:</ fuerte>"
,"<strong>IP Agordoj :</strong>": "<fuerte>Ajustes de IP:</ fuerte>"
,"<strong>manaj IP-agordoj (estos ignorita se dhcp estas ebligita) :</strong>": "<fuerte>la configuración manual de IP (se ignorará si dhcp está habilitado) :</ fuerte>"
,"<strong>Wifi Agordoj :</strong>": "<fuerte>Configuración de Wifi:</ fuerte>"
,"Uzi dhcp :": "Utilice dhcp:"
,"WiFi-AP wlan1": "WiFi-AP wlan1"
,"WiFi-kliento wlan0": "Cliente-WiFi wlan0"
,"WiFi pasvorto :": "Contraseña de wifi:"
}
