{"":{"language":"zh","plural-forms":"nplurals=2; plural=(n > 1);"}
,"-": " - "
,"/": "/"
,"Adresoj gamo :": "地址范围："
,"Aktivi :": "资产："
,"dns1 IP-adreso :": "dns1 IP地址："
,"dns2 IP-adreso :": "dns2 IP地址："
,"enirejo :": "入口："
,"ĝeneralaj agordoj": "常规设置"
,"IP-adreso :": "IP地址："
,"LAN eth0": "局域网eth0"
,"Reto-Agordoj": "网络设置"
,"SSID :": "SSID："
,"<strong>DHCP Servilo :</strong>": "<强>DHCP服务器：</强>"
,"<strong>DNS Serviloj :</strong>": "<强>DNS服务器：</强>"
,"<strong>IP Agordoj :</strong>": "<强>IP设置：</强>"
,"<strong>manaj IP-agordoj (estos ignorita se dhcp estas ebligita) :</strong>": "如果启用了dhcp) ：</强>，将忽略<强>手动IP设置 ("
,"<strong>Wifi Agordoj :</strong>": "<强>Wifi设置：</强>"
,"Uzi dhcp :": "使用dhcp："
,"WiFi-AP wlan1": "WiFi-AP wlan1"
,"WiFi-kliento wlan0": "WiFi客户端wlan0"
,"WiFi pasvorto :": "WiFi密码："
}
