{"":{"language":"ja","plural-forms":"nplurals=2; plural=(n > 1);"}
,"-": " - "
,"/": "/ /"
,"Adresoj gamo :": "アドレス範囲："
,"Aktivi :": "有効にするために："
,"dns1 IP-adreso :": "DNS1 IPアドレス："
,"dns2 IP-adreso :": "DNS2 IPアドレス："
,"enirejo :": "エントランス："
,"ĝeneralaj agordoj": "一般設定"
,"IP-adreso :": "IPアドレス："
,"LAN eth0": "LAN eth0"
,"Reto-Agordoj": "ネットワーク設定"
,"SSID :": "SSID："
,"<strong>DHCP Servilo :</strong>": "<強い>DHCPサーバー：</強い>"
,"<strong>DNS Serviloj :</strong>": "<強い>DNSサーバー：</強い>"
,"<strong>IP Agordoj :</strong>": "<強い>IP設定：</強い>"
,"<strong>manaj IP-agordoj (estos ignorita se dhcp estas ebligita) :</strong>": "<強い>手動IP設定 (DHCPがイネーブルされている場合) ：</強い>6）"
,"<strong>Wifi Agordoj :</strong>": "<強い>WiFi設定：</強い>"
,"Uzi dhcp :": "DHCPを使用："
,"WiFi-AP wlan1": "WiFi AP WLAN1"
,"WiFi-kliento wlan0": "WiFiカスタマーWLAN0"
,"WiFi pasvorto :": "WiFiパスワード："
}
