{"":{"language":"pa","plural-forms":"nplurals=2; plural=(n > 1);"}
,"-": "-"
,"/": "/"
,"Adresoj gamo :": "ਪਤੇ ਦੀ ਸੀਮਾ:"
,"Aktivi :": "ਸਰਗਰਮ ਕਰਨ ਲਈ:"
,"dns1 IP-adreso :": "DNS1 IP ਪਤਾ:"
,"dns2 IP-adreso :": "DNS2 IP ਪਤਾ:"
,"enirejo :": "ਪਰਵੇਸ਼:"
,"ĝeneralaj agordoj": "ਆਮ ਸੈਟਿੰਗਜ਼"
,"IP-adreso :": "IP ਪਤਾ:"
,"LAN eth0": "LAN Eth0"
,"Reto-Agordoj": "ਨੈੱਟਵਰਕ ਸੈਟਿੰਗ"
,"SSID :": "SSID:"
,"<strong>DHCP Servilo :</strong>": "<ਮਜ਼ਬੂਤ ​​DHCP ਸਰਵਰ:</ ਮਜ਼ਬੂਤ ​​>"
,"<strong>DNS Serviloj :</strong>": "<ਮਜ਼ਬੂਤ ​​ਡੀਐਨਐਸ ਸਰਵਰ:</ ਮਜ਼ਬੂਤ ​​>"
,"<strong>IP Agordoj :</strong>": "<ਮਜ਼ਬੂਤ ​​>ਆਈਪੀ ਸੈਟਿੰਗਜ਼:</ ਮਜ਼ਬੂਤ ​​>"
,"<strong>manaj IP-agordoj (estos ignorita se dhcp estas ebligita) :</strong>": "<ਨੂੰ ਮਜ਼ਬੂਤ ​​>ਸਕਰ>ਨੂੰ ਅਣਦੇਖਾ ਕਰ ਦਿੱਤਾ ਜਾਵੇਗਾ ਜੇ DHPP ਯੋਗ ਹੈ</ ਮਜ਼ਬੂਤ ​​>6)"
,"<strong>Wifi Agordoj :</strong>": "<ਨੂੰ ਮਜ਼ਬੂਤ ​​>WiFi ਸੈਟਿੰਗਾਂ:</ ਮਜ਼ਬੂਤ ​​>"
,"Uzi dhcp :": "DHCP ਦੀ ਵਰਤੋਂ ਕਰੋ:"
,"WiFi-AP wlan1": "Wifi ap wlan1"
,"WiFi-kliento wlan0": "ਵਾਈਫਾਈ ਗਾਹਕ WLAN0"
,"WiFi pasvorto :": "ਫਾਈ ਪਾਸਵਰਡ:"
}
