{"":{"language":"it","plural-forms":"nplurals=2; plural=(n > 1);"}
,"-": "-"
,"/": "/"
,"Adresoj gamo :": "Intervallo di indirizzi:"
,"Aktivi :": "Risorse:"
,"dns1 IP-adreso :": "indirizzo IP dns1:"
,"dns2 IP-adreso :": "indirizzo IP dns2:"
,"enirejo :": "Ingresso:"
,"ĝeneralaj agordoj": "impostazioni generali"
,"IP-adreso :": "Indirizzo IP:"
,"LAN eth0": "LAN eth0"
,"Reto-Agordoj": "Impostazioni di rete"
,"SSID :": "SSID:"
,"<strong>DHCP Servilo :</strong>": "<forte>Server DHCP:</ forte>"
,"<strong>DNS Serviloj :</strong>": "<forte>Server DNS:</ forte>"
,"<strong>IP Agordoj :</strong>": "<forte>Impostazioni IP:</ forte>"
,"<strong>manaj IP-agordoj (estos ignorita se dhcp estas ebligita) :</strong>": "<forte>impostazioni IP manuali (verranno ignorate se dhcp è abilitato) :</ forte>"
,"<strong>Wifi Agordoj :</strong>": "<forte>Impostazioni Wi-Fi:</ forte>"
,"Uzi dhcp :": "Usa dhcp:"
,"WiFi-AP wlan1": "WiFi-AP wlan1"
,"WiFi-kliento wlan0": "Client-WiFi wlan0"
,"WiFi pasvorto :": "Password WiFi:"
}
