{"":{"language":"nl","plural-forms":"nplurals=2; plural=(n > 1);"}
,"adreso de sensilo": "Adres van een sensiel"
,"alteco": "Hoogte"
,"bildograndeco (sekundara kanalo devas esti malpli granda)": "Highlight Size (Secundair kanaal moet minder groot zijn)"
,"bitrapido (kbps)": "Highlight Size (Secundair kanaal moet minder groot zijn)"
,"capteur": "Highlight SizeSecundair kanaal moet minder groot zijn"
,"ĉefa kanalo": "Hoofdkanaal"
,"duaranga kanalo": "Secundair kanaal"
,"interfaco :": "Koppel:"
,"larĝo": "Breedte"
,"maxQP (pli malalta = pli bona kvalito)": "MAXQP (lager = betere kwaliteit)"
,"minQP (pli malalta = pli bona kvalito)": "MINQP (lager = betere kwaliteit)"
,"nombro da kadroj sekunde": "Aantal frames per seconde"
,"nomo de sensilo :": "Aantal frames per seconde"
,"sensor": "Sensor"
,"Video Agordoj :": "Beeldinstellingen:"
,"video-formato": "Video formaat"
,"videotrajtoj": "Videotories"
}
