{"":{"language":"ms","plural-forms":"nplurals=2; plural=(n > 1);"}
,"adreso de sensilo": "Alamat Sensile."
,"alteco": "Ketinggian"
,"bildograndeco (sekundara kanalo devas esti malpli granda)": "Saiz Sorotan (Saluran sekunder mestilah kurang besar)"
,"bitrapido (kbps)": "bititrido (kbps)"
,"capteur": "Capteur."
,"ĉefa kanalo": "Saluran utama"
,"duaranga kanalo": "Saluran sekunder"
,"interfaco :": "Interface:"
,"larĝo": "Lebar"
,"maxQP (pli malalta = pli bona kvalito)": "maxqp (lebih rendah = berkualiti yang lebih baik)"
,"minQP (pli malalta = pli bona kvalito)": "minqp (lebih rendah = kualiti yang lebih baik)"
,"nombro da kadroj sekunde": "Bilangan Bingkai sesaat"
,"nomo de sensilo :": "Nama Sensile:"
,"sensor": "Sensor"
,"Video Agordoj :": "Tetapan Video:"
,"video-formato": "Format video."
,"videotrajtoj": "Videotiori."
}
