{"":{"language":"ru","plural-forms":"nplurals=2; plural=(n > 1);"}
,"adreso de sensilo": "Адрес чувствительности"
,"alteco": "Высота"
,"bildograndeco (sekundara kanalo devas esti malpli granda)": "Выделенный размер (Вторичный канал должен быть менее большим)"
,"bitrapido (kbps)": "бититридо (Кбит / с)"
,"capteur": "Capeeur"
,"ĉefa kanalo": "Основной канал"
,"duaranga kanalo": "Вторичный канал"
,"interfaco :": "Интерфейс:"
,"larĝo": "Ширина"
,"maxQP (pli malalta = pli bona kvalito)": "MaxQP (ниже = лучшее качество)"
,"minQP (pli malalta = pli bona kvalito)": "MaxQP (ниже = лучшее качество)"
,"nombro da kadroj sekunde": "Количество кадров в секунду"
,"nomo de sensilo :": "Количество кадров в секунду"
,"sensor": "Датчик"
,"Video Agordoj :": "Настройки видео:"
,"video-formato": "Видеоформат"
,"videotrajtoj": "Видеоизотические"
}
