{"":{"language":"pt","plural-forms":"nplurals=2; plural=(n > 1);"}
,"adreso de sensilo": "Endereço do sensual"
,"alteco": "Altura"
,"bildograndeco (sekundara kanalo devas esti malpli granda)": "Tamanho do destaque (O canal secundário deve ser menos grande)"
,"bitrapido (kbps)": "Bititrido (Kbps)"
,"capteur": "Capteur"
,"ĉefa kanalo": "Canal principal"
,"duaranga kanalo": "Canal secundário"
,"interfaco :": "Interface:"
,"larĝo": "Interface:"
,"maxQP (pli malalta = pli bona kvalito)": "MaxQP (Baixa = melhor qualidade)"
,"minQP (pli malalta = pli bona kvalito)": "MINQP (Baixa = melhor qualidade)"
,"nombro da kadroj sekunde": "Número de quadros por segundo"
,"nomo de sensilo :": "Nome do sensual:"
,"sensor": "Sensor"
,"Video Agordoj :": "Configurações de vídeo:"
,"video-formato": "Formato de vídeo"
,"videotrajtoj": "Videotories."
}
