{"":{"language":"pa","plural-forms":"nplurals=2; plural=(n > 1);"}
,"adreso de sensilo": "ਸੰਵੇਦਨ ਦਾ ਪਤਾ"
,"alteco": "ਕੱਦ"
,"bildograndeco (sekundara kanalo devas esti malpli granda)": "ਆਕਾਰ ਦਾ ਆਕਾਰ (ਸੈਕੰਡਰੀ ਚੈਨਲ ਘੱਟ ਵੱਡਾ ਹੋਣਾ ਚਾਹੀਦਾ ਹੈ)"
,"bitrapido (kbps)": "ਬਿਟਿਟ੍ਰੋ (ਕੇਬੀਪੀਐਸ)"
,"capteur": "ਕੈਪਟੇਅਰ"
,"ĉefa kanalo": "ਮੁੱਖ ਚੈਨਲ"
,"duaranga kanalo": "ਸੈਕੰਡਰੀ ਚੈਨਲ"
,"interfaco :": "ਇੰਟਰਫੇਸ:"
,"larĝo": "ਚੌੜਾਈ"
,"maxQP (pli malalta = pli bona kvalito)": "ਮੈਕਸਕਯੂਪੀ (ਘੱਟ = ਬਿਹਤਰ ਗੁਣਵੱਤਾ)"
,"minQP (pli malalta = pli bona kvalito)": "ਮਿਨਕੈਪ (ਘੱਟ = ਬਿਹਤਰ ਗੁਣਵੱਤਾ)"
,"nombro da kadroj sekunde": "ਪ੍ਰਤੀ ਸਕਿੰਟ ਫਰੇਮਾਂ ਦੀ ਗਿਣਤੀ"
,"nomo de sensilo :": "ਸੰਵੇਦਨ ਦਾ ਨਾਮ:"
,"sensor": "ਸੈਂਸਰ"
,"Video Agordoj :": "ਵੀਡੀਓ ਸੈਟਿੰਗਜ਼:"
,"video-formato": "ਵੀਡੀਓ ਫਾਰਮੈਟ"
,"videotrajtoj": "ਵੀਡੀਓ ਟੀਡੋਜ਼"
}
