{"":{"language":"it","plural-forms":"nplurals=2; plural=(n > 1);"}
,"adreso de sensilo": "Indirizzo di sensile."
,"alteco": "Altezza"
,"bildograndeco (sekundara kanalo devas esti malpli granda)": "La dimensione di evidenziazione (il canale secondario deve essere inferiore)"
,"bitrapido (kbps)": "Bitrido (Kbps)"
,"capteur": "Capteur."
,"ĉefa kanalo": "Canale principale"
,"duaranga kanalo": "Canale secondario"
,"interfaco :": "Interfaccia:"
,"larĝo": "Larghezza"
,"maxQP (pli malalta = pli bona kvalito)": "Larghezza"
,"minQP (pli malalta = pli bona kvalito)": "Minqp (inferiore = qualità migliore)"
,"nombro da kadroj sekunde": "Numero di fotogrammi al secondo"
,"nomo de sensilo :": "Nome del senso sensibile:"
,"sensor": "Sensore"
,"Video Agordoj :": "Impostazioni video:"
,"video-formato": "Formato video"
,"videotrajtoj": "Videoreies."
}
