{"":{"language":"ar","plural-forms":"nplurals=2; plural=(n > 1);"}
,"adreso de sensilo": "                                                                                                                                                          ﺭﺎﻌﺸﺘﺳﻻ﻿ﺍ ﺯﺎﻬﺟ ﻥﺍﻮﻨﻋ"
,"alteco": "                                                                                                                                                                       ﻉﺎﻔﺗﺭﺍ"
,"bildograndeco (sekundara kanalo devas esti malpli granda)": ")ﺮﻐﺻﺃ ﺔﻳﻮﻧﺎﺜﻟﺍ ﺓﺎﻨﻘﻟﺍ ﻥﻮﻜﺗ ﻥﺃ ﺐﺠﻳ (ﺓﺭﻮﺼﻟﺍ ﻢﺠﺣ"
,"bitrapido (kbps)": "                                                                                                                                               kbps) (ﺖﺒﻟﺍ ﻝﺪﻌﻣ"
,"capteur": "                                                                                                                                                                     ﺮﻌﺸﺘﺴﻤﻟﺍ"
,"ĉefa kanalo": "                                                                                                                                                                     ﺮﻌﺸﺘﺴﻤﻟﺍ"
,"duaranga kanalo": "                                                                                                                                                                     ﺮﻌﺸﺘﺴﻤﻟﺍ"
,"interfaco :": "                                                                                                                                                                     ﺮﻌﺸﺘﺴﻤﻟﺍ"
,"larĝo": "                                                                                                                                                                     ﺮﻌﺸﺘﺴﻤﻟﺍ"
,"maxQP (pli malalta = pli bona kvalito)": "                                                                                                                                                                     ﺮﻌﺸﺘﺴﻤﻟﺍ"
,"minQP (pli malalta = pli bona kvalito)": "                                                                                                                                                                     ﺮﻌﺸﺘﺴﻤﻟﺍ"
,"nombro da kadroj sekunde": "                                                                                                                                                                     ﺮﻌﺸﺘﺴﻤﻟﺍ"
,"nomo de sensilo :": "                                                                                                                                                                     ﺮﻌﺸﺘﺴﻤﻟﺍ"
,"sensor": "                                                                                                                                                                     ﺮﻌﺸﺘﺴﻤﻟﺍ"
,"Video Agordoj :": "                                                                                                                                                                     ﺮﻌﺸﺘﺴﻤﻟﺍ"
,"video-formato": "                                                                                                                                                                     ﺮﻌﺸﺘﺴﻤﻟﺍ"
,"videotrajtoj": "                                                                                                                                                                     ﺮﻌﺸﺘﺴﻤﻟﺍ"
}
