{"":{"language":"ja","plural-forms":"nplurals=2; plural=(n > 1);"}
,"adreso de sensilo": "官能の住所"
,"alteco": "高さ"
,"bildograndeco (sekundara kanalo devas esti malpli granda)": "ハイライトサイズ (二次チャンネルはそれほど大きくなければならない)"
,"bitrapido (kbps)": "ビタリド (Kbps)"
,"capteur": "捕獲"
,"ĉefa kanalo": "メインチャネル"
,"duaranga kanalo": "二次チャンネル"
,"interfaco :": "インターフェース："
,"larĝo": "幅"
,"maxQP (pli malalta = pli bona kvalito)": "MAXQP (低=品質向上)"
,"minQP (pli malalta = pli bona kvalito)": "MINQP (下=品質向上)"
,"nombro da kadroj sekunde": "1秒あたりのフレーム数"
,"nomo de sensilo :": "官能名の名前："
,"sensor": "センサー"
,"Video Agordoj :": "ビデオ設定："
,"video-formato": "ビデオフォーマット"
,"videotrajtoj": "ビデオトイズ"
}
