{"":{"language":"hi","plural-forms":"nplurals=2; plural=(n > 1);"}
,"adreso de sensilo": "संवेदन का पता"
,"alteco": "ऊंचाई"
,"bildograndeco (sekundara kanalo devas esti malpli granda)": "हाइलाइट आकारएक माध्यमिक चैनल कम बड़ा होना चाहिए)"
,"bitrapido (kbps)": "बिटिट्रिडो (° 0001 डिग्री) केबीपीएस (डिग्री 0002 डिग्री)"
,"capteur": "कैशन"
,"ĉefa kanalo": "मुख्य चैनल"
,"duaranga kanalo": "माध्यमिक चैनल"
,"interfaco :": "इंटरफेस:"
,"larĝo": "चौड़ाई"
,"maxQP (pli malalta = pli bona kvalito)": "MAXQP (° 0001 डिग्री) निचला = बेहतर गुणवत्ता (° 0002 डिग्री)"
,"minQP (pli malalta = pli bona kvalito)": "Minqp (° 0001 डिग्री) निचला = बेहतर गुणवत्ता (° ° 0002 डिग्री)"
,"nombro da kadroj sekunde": "प्रति सेकंड फ्रेम की संख्या"
,"nomo de sensilo :": "सेंसेल का नाम:"
,"sensor": "सेंसर"
,"Video Agordoj :": "वीडियो सेटिंग्स:"
,"video-formato": "वीडियो फार्मेट"
,"videotrajtoj": "Videotories"
}
