{"":{"language":"bn","plural-forms":"nplurals=2; plural=(n > 1);"}
,"adreso de sensilo": "সেন্সিলের ঠিকানা"
,"alteco": "সেন্সিলের ঠিকানা"
,"bildograndeco (sekundara kanalo devas esti malpli granda)": "হাইলাইট আকার (সেকেন্ডারি চ্যানেল কম বড়)হতে হবে"
,"bitrapido (kbps)": "Bititrido (Kbps)"
,"capteur": "ক্যাপচার"
,"ĉefa kanalo": "প্রধান চ্যানেল"
,"duaranga kanalo": "সেকেন্ডারি চ্যানেল"
,"interfaco :": "ইন্টারফেস:"
,"larĝo": "প্রস্থ"
,"maxQP (pli malalta = pli bona kvalito)": "MaxQP (নিম্ন = ভাল মানের)"
,"minQP (pli malalta = pli bona kvalito)": "MINQP (নিম্ন = ভাল মানের)"
,"nombro da kadroj sekunde": "প্রতি সেকেন্ডে ফ্রেম সংখ্যা"
,"nomo de sensilo :": "সেন্সিলের নাম:"
,"sensor": "সেন্সর"
,"Video Agordoj :": "ভিডিও সেটিংস:"
,"video-formato": "ভিডিও বিন্যাস"
,"videotrajtoj": "VideoTories."
}
