{"":{"language":"de","plural-forms":"nplurals=2; plural=(n > 1);"}
,"adreso de sensilo": "Adresse von Sensile."
,"alteco": "Höhe"
,"bildograndeco (sekundara kanalo devas esti malpli granda)": "Highlight-Größe (Der Sekundärkanal muss weniger groß sein)"
,"bitrapido (kbps)": "Bititrido (Kbps)"
,"capteur": "Bekanntheit"
,"ĉefa kanalo": "Hauptkanal"
,"duaranga kanalo": "Sekundärkanal"
,"interfaco :": "Schnittstelle:"
,"larĝo": "Breite"
,"maxQP (pli malalta = pli bona kvalito)": "MaxQP (niedriger = bessere Qualität)"
,"minQP (pli malalta = pli bona kvalito)": "MINQP (niedriger = bessere Qualität)"
,"nombro da kadroj sekunde": "Anzahl der Frames pro Sekunde"
,"nomo de sensilo :": "Name der Sensile:"
,"sensor": "Sensor"
,"Video Agordoj :": "Video-Einstellungen:"
,"video-formato": "Videoformat"
,"videotrajtoj": "Videoformat"
}
