{"":{"language":"en","plural-forms":"nplurals=2; plural=(n > 1);"}
,"adreso de sensilo": "Address of Sensile"
,"alteco": "Height"
,"bildograndeco (sekundara kanalo devas esti malpli granda)": "Highlight size (Secondary channel must be less large)"
,"bitrapido (kbps)": "bititrido (kbps)"
,"capteur": "CAPTEUR"
,"ĉefa kanalo": "Main channel"
,"duaranga kanalo": "Secondary Channel"
,"interfaco :": "Interface:"
,"larĝo": "Width"
,"maxQP (pli malalta = pli bona kvalito)": "maxqp (lower = better quality)"
,"minQP (pli malalta = pli bona kvalito)": "minqp (lower = better quality)"
,"nombro da kadroj sekunde": "Number of frames per second"
,"nomo de sensilo :": "Name of Sensile:"
,"sensor": "Sensor"
,"Video Agordoj :": "Video Settings:"
,"video-formato": "Video format"
,"videotrajtoj": "Videotories"
}
