{"":{"language":"zh","plural-forms":"nplurals=2; plural=(n > 1);"}
,"adreso de sensilo": "敏感的地址"
,"alteco": "高度"
,"bildograndeco (sekundara kanalo devas esti malpli granda)": "突出显示尺寸 (辅助通道必须更大)"
,"bitrapido (kbps)": "Bititrido (Kbps)"
,"capteur": "Capteur."
,"ĉefa kanalo": "主要渠道"
,"duaranga kanalo": "次要通道"
,"interfaco :": "界面："
,"larĝo": "宽度"
,"maxQP (pli malalta = pli bona kvalito)": "MAXQP (较低=更好的质量)"
,"minQP (pli malalta = pli bona kvalito)": "MAXQP (较低=更好的质量)"
,"nombro da kadroj sekunde": "每秒帧数"
,"nomo de sensilo :": "敏感名称："
,"sensor": "传感器"
,"Video Agordoj :": "视频设置："
,"video-formato": "视频格式"
,"videotrajtoj": "录像机"
}
