{"":{"language":"pl","plural-forms":"nplurals=2; plural=(n > 1);"}
,"adreso de sensilo": "Adres sensile"
,"alteco": "Wysokość"
,"bildograndeco (sekundara kanalo devas esti malpli granda)": "Wielkość podświetlenia (Kanał wtórny musi być mniej duży)"
,"bitrapido (kbps)": "Bititrido (KBPS)"
,"capteur": "Kapeur."
,"ĉefa kanalo": "Główny kanał"
,"duaranga kanalo": "Kanał wtórny"
,"interfaco :": "Berło:"
,"larĝo": "Szerokość"
,"maxQP (pli malalta = pli bona kvalito)": "maxqp (niższa = lepsza jakość)"
,"minQP (pli malalta = pli bona kvalito)": "Minqp (Dolna = lepsza jakość)"
,"nombro da kadroj sekunde": "Liczba ramek na sekundę"
,"nomo de sensilo :": "Nazwa sensile:"
,"sensor": "Czujnik"
,"Video Agordoj :": "Ustawienia wideo:"
,"video-formato": "Format wideo"
,"videotrajtoj": "VideoTories."
}
