{"":{"language":"fr","plural-forms":"nplurals=2; plural=(n > 1);"}
,"adreso de sensilo": "adresse du capteur"
,"alteco": "hauteur"
,"bildograndeco (sekundara kanalo devas esti malpli granda)": "taille d'image (le canal secondaire doit être plus petit)"
,"bitrapido (kbps)": "débit (kbps)"
,"capteur": "capteur"
,"ĉefa kanalo": "canal primaire"
,"duaranga kanalo": "canal secondaire"
,"interfaco :": "interface :"
,"larĝo": "largeur"
,"maxQP (pli malalta = pli bona kvalito)": "maxQP (plus bas = meilleure qualité)"
,"minQP (pli malalta = pli bona kvalito)": "minQP (plus bas = meilleure qualité)"
,"nombro da kadroj sekunde": "nombre de trames/seconde"
,"nomo de sensilo :": "nom du capteur :"
,"sensor": "capteur"
,"Video Agordoj :": "Paramètres vidéo :"
,"video-formato": "format vidéo"
,"videotrajtoj": "propriétés de la vidéo"
}
