{"":{"language":"es","plural-forms":"nplurals=2; plural=(n > 1);"}
,"adreso de sensilo": "Dirección del sensible"
,"alteco": "Altura"
,"bildograndeco (sekundara kanalo devas esti malpli granda)": "Altura"
,"bitrapido (kbps)": "Altura"
,"capteur": "Captador"
,"ĉefa kanalo": "Canal principal"
,"duaranga kanalo": "Canal secundario"
,"interfaco :": "Interfaz:"
,"larĝo": "Ancho"
,"maxQP (pli malalta = pli bona kvalito)": "maxqp (inferior = mejor calidad)"
,"minQP (pli malalta = pli bona kvalito)": "MINQP (inferior = mejor calidad)"
,"nombro da kadroj sekunde": "Número de marcos por segundo"
,"nomo de sensilo :": "Nombre del sensil:"
,"sensor": "Sensor"
,"Video Agordoj :": "Ajustes de video:"
,"video-formato": "Formato de video"
,"videotrajtoj": "Videotorios"
}
