{"":{"language":"bn","plural-forms":"nplurals=2; plural=(n > 1);"}
,"Elektu lingvon": "একটি ভাষা চয়ন করুন"
,"Hello!": "হ্যালো!"
,"Pasvorto": "পাসওয়ার্ড"
,"Sign in": "সাইন ইন করুন"
,"Sign In": "সাইন ইন করুন"
,"Uzantnomo": "ব্যবহারকারীর নাম"
,"ensaluto eksvalidiĝis!": "লগইন মেয়াদ শেষ!"
,"Vi ne estas ensalutinta!": "আপনি লগইন নেই!"
}
