{"":{"language":"hi","plural-forms":"nplurals=2; plural=(n > 1);"}
,"Elektu lingvon": "एक भाषा चुनें"
,"Hello!": "हैलो!"
,"Pasvorto": "कुंजिका"
,"Sign in": "साइन इन करें"
,"Sign In": "साइन इन करें"
,"Uzantnomo": "उपयोगकर्ता नाम"
,"ensaluto eksvalidiĝis!": "लॉगिन की समय सीमा समाप्त हो गई!"
,"Vi ne estas ensalutinta!": "आपने लॉग - इन नहीं किया!"
}
